leaf_path	block_idx	fence_lang	line_start	line_end	n_lines	label_class	runnability	has_output_annot	sha1
01_The-Unix-Model-from-Bash/01_Processes-fork-exec-wait.md	1	bash	20	24	3	NEUTRAL	RUNNABLE	1	7427e8104fa840f1af8e4082654ded21886000a0
01_The-Unix-Model-from-Bash/01_Processes-fork-exec-wait.md	2	bash	30	36	5	NEUTRAL	RUNNABLE	1	8703f447f67492b62a67d45e54a7384bda017305
01_The-Unix-Model-from-Bash/01_Processes-fork-exec-wait.md	3	bash	42	49	6	NEUTRAL	RUNNABLE	1	c2cb6fa7b7927634ec71c66a1f3436c365c2568a
01_The-Unix-Model-from-Bash/02_The-file-descriptor-model.md	1	NONE	8	19	10	NEUTRAL	FRAGMENT	0	57a9d2eab581f6076f84025570712459b5ee6c77
01_The-Unix-Model-from-Bash/02_The-file-descriptor-model.md	2	bash	29	35	5	NEUTRAL	RUNNABLE	1	70201a53a4ae4e69915ae8c5bace7d9a2b5670b4
01_The-Unix-Model-from-Bash/02_The-file-descriptor-model.md	3	bash	41	48	6	NEUTRAL	RUNNABLE	1	a7e20cf3ee8433b9681252690d34a5c70b77059f
01_The-Unix-Model-from-Bash/02_The-file-descriptor-model.md	4	bash	58	68	9	MIXED	RUNNABLE	0	188e14c503429883ed00b5a3886ff1ded95d8074
01_The-Unix-Model-from-Bash/03_Files-directories-and-special-files.md	1	bash	28	43	14	NEUTRAL	RUNNABLE	1	bfddded2736d5f8849381fae477223541634cd2f
01_The-Unix-Model-from-Bash/04_Streams-and-the-standard-descriptors.md	1	bash	14	21	6	NEUTRAL	RUNNABLE	0	841426ba7e1e377b675a0b399a71747bdae6a2e4
01_The-Unix-Model-from-Bash/04_Streams-and-the-standard-descriptors.md	2	bash	25	32	6	MIXED	RUNNABLE	0	d7c2f4e6eb4b00ba3a1e95145cda69350534eae4
01_The-Unix-Model-from-Bash/04_Streams-and-the-standard-descriptors.md	3	bash	36	40	3	NEUTRAL	NEEDS_INPUT	1	408a61ac062a4cd68ac8a946676306928cbabf1d
01_The-Unix-Model-from-Bash/05_The-shell-environment.md	1	bash	10	17	6	NEUTRAL	RUNNABLE	1	87fc0d0f8eb69f393261e1b5a603be44c7fdf911
01_The-Unix-Model-from-Bash/05_The-shell-environment.md	2	NONE	23	35	11	NEUTRAL	FRAGMENT	0	e2dceb64100df87c18822d63fc73d85430ac2745
01_The-Unix-Model-from-Bash/05_The-shell-environment.md	3	bash	41	49	7	NEUTRAL	RUNNABLE	1	73c0edb943d4432b9af0478ca0a12f8f2ecbf241
01_The-Unix-Model-from-Bash/05_The-shell-environment.md	4	bash	66	73	6	MIXED	RUNNABLE	0	ef794b39088ef7baae73b8aff3b9c83124bc3d51
01_The-Unix-Model-from-Bash/06_Users-groups-permissions.md	1	bash	29	38	8	NEUTRAL	DESTRUCTIVE	1	ce259391d2eac3425735bbac727f62c4b68aa32b
01_The-Unix-Model-from-Bash/07_Exit-status-and-process-termination.md	1	bash	34	40	5	NEUTRAL	RUNNABLE	1	02d423fdb147c64a29b4992b77dcb541c4df1ad3
01_The-Unix-Model-from-Bash/07_Exit-status-and-process-termination.md	2	bash	46	55	8	NEUTRAL	DESTRUCTIVE	1	f6696acc10c47e6092b53f39a2a302388b472262
01_The-Unix-Model-from-Bash/07_Exit-status-and-process-termination.md	3	bash	61	66	4	NEUTRAL	RUNNABLE	1	cb3428785abe63f77ce64ca138416bc9dcaccce7
01_The-Unix-Model-from-Bash/07_Exit-status-and-process-termination.md	4	bash	70	76	5	MIXED	RUNNABLE	0	7f82f6195aa3138c9df764ae9043006e4fa99bbe
01_The-Unix-Model-from-Bash/08_Signals-overview.md	1	bash	31	39	7	NEUTRAL	DESTRUCTIVE	1	bad43d46197269e785312a87ef0682a2b91d7712
01_The-Unix-Model-from-Bash/09_The-controlling-terminal-and-TTY-layer.md	1	NONE	21	32	10	NEUTRAL	FRAGMENT	0	adb459102d06ec1a6aed6b9d5b1e8f809249af88
01_The-Unix-Model-from-Bash/09_The-controlling-terminal-and-TTY-layer.md	2	bash	40	47	6	NEUTRAL	INTERACTIVE	1	cee9a1b37dc42bfae49c99e326b36741a18bbce7
01_The-Unix-Model-from-Bash/09_The-controlling-terminal-and-TTY-layer.md	3	bash	55	60	4	NEUTRAL	RUNNABLE	0	d39db03da82e5150df7ca8cfcebecc40de2b942e
02_Bash-as-a-Program/02_Bash-version-landscape.md	1	bash	19	33	13	NEUTRAL	RUNNABLE	1	055818de3136e3010f22bc4b102c4af7ae20ab7b
02_Bash-as-a-Program/03_Build-configuration-and-feature-detection.md	1	bash	17	29	11	NEUTRAL	RUNNABLE	0	05286a7cec5457fc5898771bcf329c469a53ac2f
02_Bash-as-a-Program/03_Build-configuration-and-feature-detection.md	2	bash	31	43	11	NEUTRAL	RUNNABLE	1	fc7ed736e95bb707ed467f06a2a28087895be8bc
02_Bash-as-a-Program/04_Invocation-modes.md	1	bash	19	29	9	NEUTRAL	NETWORK	0	377ff5971c3954b76df5b8fb571a440e901524fa
02_Bash-as-a-Program/04_Invocation-modes.md	2	bash	35	46	10	MIXED	RUNNABLE	1	98401e1a0a7d61fd5111dd1bd1cddc519cdcfee2
02_Bash-as-a-Program/04_Invocation-modes.md	3	bash	52	56	3	NEUTRAL	RUNNABLE	1	bc2e333e863732d2138b2e9b1b3bb9f82f1469a6
02_Bash-as-a-Program/05_Startup-file-chains.md	1	NONE	8	33	24	NEUTRAL	FRAGMENT	0	4f371285e8cc45799d9ba965baf909db9a5ef59e
02_Bash-as-a-Program/05_Startup-file-chains.md	2	bash	43	50	6	NEUTRAL	RUNNABLE	0	88274f57cf0ba156f3b814bdc54219afa0f3ad21
02_Bash-as-a-Program/05_Startup-file-chains.md	3	bash	58	67	8	NEUTRAL	RUNNABLE	0	e1c5a962c1a7c2ed86c587ea19ae273a4fd2b1b6
02_Bash-as-a-Program/05_Startup-file-chains.md	4	bash	73	84	10	MIXED	NETWORK	0	a10ac2b12ab0f3a92b8e63bd0104419941152362
02_Bash-as-a-Program/06_BASH_ENV-and-ENV.md	1	bash	13	21	7	NEUTRAL	RUNNABLE	1	d205d7f63dd3b8d09704c98829dc74332e62ae11
02_Bash-as-a-Program/06_BASH_ENV-and-ENV.md	2	bash	25	29	3	WRONG	ANTIPATTERN	0	2df96fe1e90d1de53994f991c7514afe1860038a
02_Bash-as-a-Program/07_Command-line-options-to-bash-itself.md	1	bash	29	39	9	NEUTRAL	RUNNABLE	1	cf4234305c466a7fc83e83dd5bb6d9a646d00f46
02_Bash-as-a-Program/07_Command-line-options-to-bash-itself.md	2	bash	41	48	6	WRONG	ANTIPATTERN	1	a8756cd268351c1192966a8e2b69935ecc2553bc
02_Bash-as-a-Program/08_Exit-and-shell-session-lifecycle.md	1	bash	30	41	10	NEUTRAL	RUNNABLE	1	87c547122ed67a28121174876ab8aad8fae970a3
03_Lexical-Structure-and-Shell-Grammar/01_Tokenisation.md	1	bash	45	49	3	NEUTRAL	RUNNABLE	0	fd82b6863f2471c96ce4f2c3c51c9cc0823e1e1e
03_Lexical-Structure-and-Shell-Grammar/01_Tokenisation.md	2	bash	62	68	5	NEUTRAL	RUNNABLE	1	8bbb95f386ebea6dd58c874a7c4aec4e229b29ff
03_Lexical-Structure-and-Shell-Grammar/02_Reserved-words.md	1	NONE	8	11	2	NEUTRAL	FRAGMENT	0	f5b5f4a1bb396ca7ecdb941236de84587b2c3fed
03_Lexical-Structure-and-Shell-Grammar/02_Reserved-words.md	2	bash	21	27	5	NEUTRAL	RUNNABLE	1	8bc230ced839e2ed773ec0ed74389052c5e86a6e
03_Lexical-Structure-and-Shell-Grammar/02_Reserved-words.md	3	bash	29	35	5	NEUTRAL	RUNNABLE	1	99a11bd99d2419001c0f527ad1625a2c778b7eec
03_Lexical-Structure-and-Shell-Grammar/03_Comments.md	1	bash	22	29	6	NEUTRAL	RUNNABLE	1	348bca0749313c319629d24f053cfe04acaa1686
03_Lexical-Structure-and-Shell-Grammar/03_Comments.md	2	bash	35	41	5	MIXED	RUNNABLE	0	e2c50bb8925069ef6e317584fa189b556cf1ab66
03_Lexical-Structure-and-Shell-Grammar/04_Quoting-overview.md	1	bash	29	35	5	NEUTRAL	RUNNABLE	0	4eb1dcca64348968b1f7deb73bd154f0c2357b6a
03_Lexical-Structure-and-Shell-Grammar/04_Quoting-overview.md	2	bash	52	57	4	RIGHT	RUNNABLE	1	a11c2eabe3154ee574bf9f795fb7601d0822eb8c
03_Lexical-Structure-and-Shell-Grammar/04_Quoting-overview.md	3	bash	75	87	11	MIXED	RUNNABLE	0	00417aba5ca0b6586f05dd5d3dc9658f13a80f0b
03_Lexical-Structure-and-Shell-Grammar/04_Quoting-overview.md	4	bash	99	106	6	NEUTRAL	RUNNABLE	1	3a157f4967aeab9cd1ed70112f68fc8965af16f5
03_Lexical-Structure-and-Shell-Grammar/05_Single-quotes.md	1	bash	18	30	11	NEUTRAL	RUNNABLE	1	762753b8ef7227f1db0c8bf00682149da2356641
03_Lexical-Structure-and-Shell-Grammar/05_Single-quotes.md	2	bash	34	41	6	MIXED	RUNNABLE	0	0f2866793952a02ba2022d9d0783ceb868b1fe66
03_Lexical-Structure-and-Shell-Grammar/06_Double-quotes.md	1	bash	43	63	19	NEUTRAL	RUNNABLE	1	3341e4b7280cabe3bccad62c0597fb11f7b63549
03_Lexical-Structure-and-Shell-Grammar/06_Double-quotes.md	2	bash	71	78	6	NEUTRAL	RUNNABLE	1	995ac3ab333387dbdfea510cc85b4b8b39b25b13
03_Lexical-Structure-and-Shell-Grammar/06_Double-quotes.md	3	bash	90	95	4	NEUTRAL	RUNNABLE	1	bea7957ae9aeee680ac53714ab5b3de4e498f33c
03_Lexical-Structure-and-Shell-Grammar/06_Double-quotes.md	4	bash	105	112	6	NEUTRAL	RUNNABLE	0	3c4c96bddfaa483ec546a2812a13f00bedd9a01a
03_Lexical-Structure-and-Shell-Grammar/07_ANSI-C-quoting.md	1	bash	28	34	5	NEUTRAL	RUNNABLE	1	8d30350f1355c6e6f0bc6b4673d38b30b374e665
03_Lexical-Structure-and-Shell-Grammar/07_ANSI-C-quoting.md	2	bash	38	40	1	NEUTRAL	RUNNABLE	0	8aaca070f7d62e45317c30500f8e78d80af74866
03_Lexical-Structure-and-Shell-Grammar/07_ANSI-C-quoting.md	3	bash	44	51	6	NEUTRAL	RUNNABLE	1	631c05fcdca5b1599a730d95b4c76bb9cf2acb9c
03_Lexical-Structure-and-Shell-Grammar/09_Backslash-escapes.md	1	bash	17	36	18	NEUTRAL	RUNNABLE	1	d6ddda2e5b19af9292e5760d9a297be52ef739c2
03_Lexical-Structure-and-Shell-Grammar/09_Backslash-escapes.md	2	bash	42	46	3	NEUTRAL	RUNNABLE	1	665d8a9686663187d1b90fccf810b3843bd1e0dc
03_Lexical-Structure-and-Shell-Grammar/10_Shell-grammar.md	1	bnf	13	22	8	NEUTRAL	FRAGMENT	0	ed72a978dbbfef5ebd6758e18da2b4b6e4de71a2
03_Lexical-Structure-and-Shell-Grammar/10_Shell-grammar.md	2	bash	50	52	1	NEUTRAL	RUNNABLE	0	f29733756f02499e71c86bbba3c8ed5259d17664
03_Lexical-Structure-and-Shell-Grammar/10_Shell-grammar.md	3	text	54	64	9	NEUTRAL	FRAGMENT	0	0bcab59f89df77692a111539bb6ad0aed97c4456
03_Lexical-Structure-and-Shell-Grammar/10_Shell-grammar.md	4	bash	74	79	4	NEUTRAL	RUNNABLE	0	b03375b42291a0269fa495f33c6ede66e86a0447
03_Lexical-Structure-and-Shell-Grammar/10_Shell-grammar.md	5	bash	94	98	3	NEUTRAL	NEEDS_INPUT	0	34aee111c871b6be62716dcc3c4f92e20c244e13
03_Lexical-Structure-and-Shell-Grammar/11_Operator-precedence.md	1	bash	26	29	2	NEUTRAL	RUNNABLE	0	0085d29c26df189a5f15edc821ae27eb31e359f2
03_Lexical-Structure-and-Shell-Grammar/11_Operator-precedence.md	2	bash	46	58	11	NEUTRAL	RUNNABLE	1	40135b09ca063d63a8ab0cbe25b9fdc99af2d3bf
03_Lexical-Structure-and-Shell-Grammar/11_Operator-precedence.md	3	bash	68	82	13	MIXED	RUNNABLE	0	2d90fea32480c897ad575b33fd8bddb49f28d344
03_Lexical-Structure-and-Shell-Grammar/11_Operator-precedence.md	4	bash	92	97	4	NEUTRAL	RUNNABLE	0	933066332f3ffb36d880825142f57b19bc5d1af5
04_Parameters-Variables-and-Arrays/01_Parameter-taxonomy.md	1	text	11	18	6	NEUTRAL	FRAGMENT	0	d5ba625e2a1a8e637b5b4b4f40a43f544fcdf77c
04_Parameters-Variables-and-Arrays/01_Parameter-taxonomy.md	2	bash	29	55	25	NEUTRAL	RUNNABLE	1	131130e3452b10bd0198750609def1c1cdbc5a32
04_Parameters-Variables-and-Arrays/02_Positional-parameters.md	1	bash	41	71	29	WRONG	ANTIPATTERN	1	c683b064adb8ea9d6efea3db745275c75e66a146
04_Parameters-Variables-and-Arrays/02_Positional-parameters.md	2	bash	85	95	9	NEUTRAL	RUNNABLE	1	073a8aad4e611a093b445e8e2b6d96711f01a1e1
04_Parameters-Variables-and-Arrays/02_Positional-parameters.md	3	bash	107	130	22	NEUTRAL	RUNNABLE	1	258683db69279ea6bc26f0e908a678a40d100daf
04_Parameters-Variables-and-Arrays/03_Special-parameters.md	1	bash	23	54	30	NEUTRAL	RUNNABLE	1	8b5a0f97fc690a7c1609a5c03f686c34419fd04f
04_Parameters-Variables-and-Arrays/04_Shell-variables.md	1	bash	40	56	15	NEUTRAL	RUNNABLE	1	fea7c6255c193908244054e29826792e1ef9373c
04_Parameters-Variables-and-Arrays/04_Shell-variables.md	2	bash	68	80	11	NEUTRAL	RUNNABLE	1	fdaba3caf47647f7bb4cced6a32c1d1464b72313
04_Parameters-Variables-and-Arrays/04_Shell-variables.md	3	bash	156	163	6	NEUTRAL	RUNNABLE	0	1d2746095b9ca317b93a982e26bca131f52a7b95
04_Parameters-Variables-and-Arrays/05_The-declare-builtin-and-attributes.md	1	bash	34	42	7	NEUTRAL	RUNNABLE	1	ce6a0fe5fe49a15ccc1bac1b4410ad7a1f6d752d
04_Parameters-Variables-and-Arrays/05_The-declare-builtin-and-attributes.md	2	bash	49	60	10	NEUTRAL	RUNNABLE	1	57c87e5608124c53042fa9cb1cb9d20d3b371bce
04_Parameters-Variables-and-Arrays/05_The-declare-builtin-and-attributes.md	3	bash	66	82	15	RIGHT	RUNNABLE	1	0f9de112a019410f8c9eba1795ed7f27c7dc2a8e
04_Parameters-Variables-and-Arrays/05_The-declare-builtin-and-attributes.md	4	bash	103	110	6	NEUTRAL	RUNNABLE	0	f5381940b26025e5d37546bec70fa91c20f4751f
04_Parameters-Variables-and-Arrays/05_The-declare-builtin-and-attributes.md	5	bash	142	155	12	NEUTRAL	RUNNABLE	1	bd68699c194ee3056a9fc1945cba58030ffe780c
04_Parameters-Variables-and-Arrays/05_The-declare-builtin-and-attributes.md	6	bash	168	183	14	NEUTRAL	RUNNABLE	1	479e43899fd81b5c1cc9ab61ec7befa45efc5810
04_Parameters-Variables-and-Arrays/06_local-and-dynamic-scope.md	1	bash	12	24	11	MIXED	RUNNABLE	1	e89aeea8ef0a808a8698603847c370a042c06862
04_Parameters-Variables-and-Arrays/06_local-and-dynamic-scope.md	2	bash	43	66	22	NEUTRAL	RUNNABLE	1	e5c2174a2514854a36a230067b749fed456468f3
04_Parameters-Variables-and-Arrays/06_local-and-dynamic-scope.md	3	bash	85	101	15	NEUTRAL	RUNNABLE	1	25dba9dee191bd644cbd9ba66e91096450c1253e
04_Parameters-Variables-and-Arrays/06_local-and-dynamic-scope.md	4	bash	116	125	8	NEUTRAL	RUNNABLE	0	30c69b0e1c33e56bc9a85f678015bafd417bce7b
04_Parameters-Variables-and-Arrays/07_readonly-and-immutability.md	1	bash	29	46	16	NEUTRAL	RUNNABLE	1	2b8ed0497deb2f1559539e7205619ae815b1cf87
04_Parameters-Variables-and-Arrays/07_readonly-and-immutability.md	2	bash	58	73	14	NEUTRAL	RUNNABLE	1	b83ac530500f98e674fd1124e89882344fa49a28
04_Parameters-Variables-and-Arrays/08_export-and-the-environment.md	1	bash	31	40	8	NEUTRAL	RUNNABLE	1	0b24d193ba2a3efcfe3f8aea4c5c4ea1778b7a25
04_Parameters-Variables-and-Arrays/08_export-and-the-environment.md	2	bash	48	57	8	NEUTRAL	RUNNABLE	1	aed86f172e2f936cdd99c5e18a2adfbb09928f0e
04_Parameters-Variables-and-Arrays/08_export-and-the-environment.md	3	bash	104	114	9	RIGHT	RUNNABLE	1	e156fa812cbd5dec820df684c706f40281c3b888
04_Parameters-Variables-and-Arrays/09_Indexed-arrays.md	1	bash	12	26	13	NEUTRAL	RUNNABLE	1	83332a177850c360bb11ed3afa2206f8cdf47083
04_Parameters-Variables-and-Arrays/09_Indexed-arrays.md	2	bash	56	77	20	NEUTRAL	RUNNABLE	1	660c6531ddddbc56bc7aff37d2da526b57bd5e3d
04_Parameters-Variables-and-Arrays/09_Indexed-arrays.md	3	bash	86	100	13	NEUTRAL	RUNNABLE	1	3e7710e0b9707bd94bbbceef745b052702a3db81
04_Parameters-Variables-and-Arrays/09_Indexed-arrays.md	4	bash	110	123	12	RIGHT	RUNNABLE	0	fa922beefd3cd54afd45ec581c9c62cc0cb714b3
04_Parameters-Variables-and-Arrays/09_Indexed-arrays.md	5	bash	142	160	17	NEUTRAL	RUNNABLE	1	e430732d721fcf736eba3d98ff481f56393adcb1
04_Parameters-Variables-and-Arrays/09_Indexed-arrays.md	6	bash	182	188	5	NEUTRAL	RUNNABLE	1	f5d8eadd687588414bcc1ed1f7f5bbfd4802f8f1
04_Parameters-Variables-and-Arrays/10_Associative-arrays.md	1	bash	11	18	6	NEUTRAL	RUNNABLE	0	9e24f68b60d386982af8c83ea062d283c517d5fa
04_Parameters-Variables-and-Arrays/10_Associative-arrays.md	2	bash	26	31	4	NEUTRAL	RUNNABLE	1	c723a3406bd7e28b5cdfaac64716f6b1e18d8334
04_Parameters-Variables-and-Arrays/10_Associative-arrays.md	3	bash	41	46	4	RIGHT	RUNNABLE	0	f75d4676f2733cf264581cfd5d17029d3fcb1012
04_Parameters-Variables-and-Arrays/10_Associative-arrays.md	4	bash	50	60	9	NEUTRAL	RUNNABLE	1	f65a0ab9a9bc661f2267e49aef37578fe9c2981e
04_Parameters-Variables-and-Arrays/10_Associative-arrays.md	5	bash	76	86	9	NEUTRAL	RUNNABLE	1	6ddfecc6cfa497740cb757a6c16b32ef4c127130
04_Parameters-Variables-and-Arrays/10_Associative-arrays.md	6	bash	98	117	18	NEUTRAL	RUNNABLE	1	73187e157d1d926bf65916da8a02e98d302cb412
04_Parameters-Variables-and-Arrays/10_Associative-arrays.md	7	bash	133	137	3	NEUTRAL	RUNNABLE	0	0e6a6256cbd433eb27d6102e8eeb2ea20bbe2f6a
04_Parameters-Variables-and-Arrays/11_Namerefs-n.md	1	bash	12	20	7	NEUTRAL	NEEDS_INPUT	1	5b4522bf8fc5a966fb8f2d0cb7de4596f9baf014
04_Parameters-Variables-and-Arrays/11_Namerefs-n.md	2	bash	38	54	15	NEUTRAL	RUNNABLE	1	abd51cf7428420445d7212a30399191a40f5432c
04_Parameters-Variables-and-Arrays/11_Namerefs-n.md	3	bash	62	75	12	NEUTRAL	RUNNABLE	1	5aeabbb62dc8c977c0a897eaa07d9fadde700716
04_Parameters-Variables-and-Arrays/11_Namerefs-n.md	4	bash	88	93	4	NEUTRAL	RUNNABLE	1	6920fa144071256717e400c78134ce80c1734b02
04_Parameters-Variables-and-Arrays/11_Namerefs-n.md	5	bash	102	118	15	MIXED	RUNNABLE	1	b398b6d4c20fa98ebde57cd3a9cdbb90b85371b6
04_Parameters-Variables-and-Arrays/12_Integer-arithmetic-semantics.md	1	bash	22	47	24	NEUTRAL	RUNNABLE	1	bb41e99489fdcade3b4a5fd825cf45fee4e04e46
04_Parameters-Variables-and-Arrays/12_Integer-arithmetic-semantics.md	2	bash	75	87	11	NEUTRAL	RUNNABLE	1	e1c53a99b2174b03f9217cff9239021ee69055d7
04_Parameters-Variables-and-Arrays/12_Integer-arithmetic-semantics.md	3	bash	109	114	4	RIGHT	RUNNABLE	1	253ff7156af28e9caf8c12f8d65ec823c9b421df
04_Parameters-Variables-and-Arrays/13_Variable-assignment-semantics.md	1	bash	25	39	13	NEUTRAL	RUNNABLE	1	9a36a087ced9cd64a870159285496c7fc11bf305
04_Parameters-Variables-and-Arrays/13_Variable-assignment-semantics.md	2	bash	60	87	26	NEUTRAL	RUNNABLE	1	2a3adb6857a10af7832112b2d562bcef1f97398d
04_Parameters-Variables-and-Arrays/13_Variable-assignment-semantics.md	3	bash	116	125	8	NEUTRAL	RUNNABLE	1	85b39b91176cca74c6633d5016e78621761ec457
04_Parameters-Variables-and-Arrays/13_Variable-assignment-semantics.md	4	bash	129	132	2	NEUTRAL	RUNNABLE	0	2c5cdfa08479c144e03239bf5ffd0f445cbd0f8f
04_Parameters-Variables-and-Arrays/13_Variable-assignment-semantics.md	5	bash	144	149	4	NEUTRAL	RUNNABLE	1	c3624bf75801d2ecadd615ddc989519fd4ceb606
04_Parameters-Variables-and-Arrays/13_Variable-assignment-semantics.md	6	bash	157	160	2	NEUTRAL	RUNNABLE	1	8cf13c50e15b96b3bb91b5734ff2d25b4c9d5f6c
04_Parameters-Variables-and-Arrays/14_Unsetting.md	1	bash	34	54	19	MIXED	RUNNABLE	1	fff627216bbf610c6557bf643930c8234d0bece7
04_Parameters-Variables-and-Arrays/14_Unsetting.md	2	bash	63	79	15	WRONG	ANTIPATTERN	1	ae236631e4d6199af0e8f7a432ee2ae4c52f8dcc
05_Expansions/01_Order-of-expansions.md	1	bash	36	46	9	NEUTRAL	RUNNABLE	0	8552e54bb728d06b940e0f36a859234925443c57
05_Expansions/02_Brace-expansion.md	1	bash	23	39	15	WRONG	ANTIPATTERN	1	6ead4a14bf1f316b0ea2300375f42dec1f8af936
05_Expansions/02_Brace-expansion.md	2	bash	51	69	17	NEUTRAL	RUNNABLE	0	058d4c197a90c83b21992c819c09e4ecd1f20c40
05_Expansions/03_Tilde-expansion.md	1	bash	24	51	26	NEUTRAL	RUNNABLE	1	b15b142a8e42d0a46e73f4c2e865a354589118fa
05_Expansions/03_Tilde-expansion.md	2	bash	62	71	8	NEUTRAL	RUNNABLE	1	9baace3e7486f1838e5fbe716220b015c2b922e6
05_Expansions/03_Tilde-expansion.md	3	bash	82	88	5	NEUTRAL	RUNNABLE	1	43f56d3ae67aea763b8c8d368de7611912269dcf
05_Expansions/04_Parameter-and-variable-expansion.md	1	bash	20	30	9	NEUTRAL	RUNNABLE	1	ab3e9427b03fd8116f6cb2fa52901a4145641e03
05_Expansions/04_Parameter-and-variable-expansion.md	2	bash	52	63	10	NEUTRAL	RUNNABLE	1	40394fe75424136e308565ec9183efbce3981166
05_Expansions/04_Parameter-and-variable-expansion.md	3	bash	72	80	7	NEUTRAL	RUNNABLE	1	b2f238e6640f629bcfb5125cafdc701469a89162
05_Expansions/04_Parameter-and-variable-expansion.md	4	bash	94	101	6	NEUTRAL	RUNNABLE	1	32319c05add8f052982301b7e5701860856319ca
05_Expansions/04_Parameter-and-variable-expansion.md	5	bash	109	120	10	NEUTRAL	RUNNABLE	1	96fcab4a72d885ddbd4a6a4b7ef1bc25e7ce3da6
05_Expansions/04_Parameter-and-variable-expansion.md	6	bash	127	136	8	NEUTRAL	RUNNABLE	1	9e6c6011fbadaec77bb02710cfb9bf054923a9f4
05_Expansions/04_Parameter-and-variable-expansion.md	7	bash	144	152	7	NEUTRAL	RUNNABLE	1	11c2225683f3cfe09d906a52028244caeddd02d5
05_Expansions/04_Parameter-and-variable-expansion.md	8	bash	157	162	4	NEUTRAL	RUNNABLE	0	2a502edb60baa3c9b128ecaebb1beabd132e2dbd
05_Expansions/04_Parameter-and-variable-expansion.md	9	bash	186	197	10	NEUTRAL	RUNNABLE	1	4224e731e5d33c9420235c7c0d1d882bf1f2200a
05_Expansions/04_Parameter-and-variable-expansion.md	10	bash	209	216	6	WRONG	ANTIPATTERN	1	a8f51905477d6ab08f498003c8a07ec28b1933a4
05_Expansions/05_Arithmetic-expansion.md	1	bash	25	37	11	NEUTRAL	RUNNABLE	1	07d9774a6b41a1678dad5aacf3af322b8047548d
05_Expansions/05_Arithmetic-expansion.md	2	bash	46	63	16	NEUTRAL	RUNNABLE	1	80fad43a7f84e387cb321e0f507b422bbad501d2
05_Expansions/05_Arithmetic-expansion.md	3	bash	88	93	4	NEUTRAL	RUNNABLE	1	20a283945edf4031d75db2451a3035bcd32a8710
05_Expansions/06_Command-substitution.md	1	bash	19	31	11	NEUTRAL	NEEDS_INPUT	1	81ce7d6afdd91e111b17b8ae622fd74d79f4ca8e
05_Expansions/06_Command-substitution.md	2	bash	45	53	7	NEUTRAL	NEEDS_INPUT	0	6800f541853656cc5934b7d80a00dba6da783d33
05_Expansions/06_Command-substitution.md	3	bash	65	76	10	NEUTRAL	RUNNABLE	1	dea932dc78771f219c352a6a120d8898755e1fc2
05_Expansions/06_Command-substitution.md	4	bash	85	97	11	NEUTRAL	RUNNABLE	0	575288bc35d4bf6a7a9c662fd6cb8129da8ab440
05_Expansions/06_Command-substitution.md	5	bash	108	119	10	NEUTRAL	RUNNABLE	1	7c232e75bcf4fc7df2c9eb687d444523f2311720
05_Expansions/07_Process-substitution.md	1	bash	19	29	9	NEUTRAL	DESTRUCTIVE	0	0b62e117ca8f96a7412ddd186fed53fd76b4b536
05_Expansions/07_Process-substitution.md	2	bash	41	50	8	NEUTRAL	NEEDS_INPUT	0	db53688f5e81465b5aad3afc72ecb55ee48c765f
05_Expansions/07_Process-substitution.md	3	bash	64	77	12	NEUTRAL	NEEDS_INPUT	1	abedb78cf7e8b4d3ae2ee7faf501e1fb279ff31e
05_Expansions/07_Process-substitution.md	4	bash	90	97	6	NEUTRAL	NEEDS_INPUT	1	efc05156aa6b74c7cbf1f58fbd0d99c565080b30
05_Expansions/08_Word-splitting-and-IFS.md	1	bash	36	43	6	NEUTRAL	RUNNABLE	1	a64532d39e68b85e0888c9c4083a27cd657b5a40
05_Expansions/08_Word-splitting-and-IFS.md	2	bash	57	66	8	NEUTRAL	RUNNABLE	0	9e01b382618ee5bab096f785fd9a57085065f71f
05_Expansions/08_Word-splitting-and-IFS.md	3	bash	76	106	29	WRONG	ANTIPATTERN	1	f2b5b811e64c7a070d3a76e7ce3b07fe9bf88d64
05_Expansions/08_Word-splitting-and-IFS.md	4	bash	118	126	7	NEUTRAL	RUNNABLE	1	8b157cb56a75dbc8c21d313da3b45f4883c4c623
05_Expansions/08_Word-splitting-and-IFS.md	5	bash	137	145	7	NEUTRAL	NEEDS_INPUT	0	be154dbaeda2c2d5689eb83ba5ebdca9d7692ba7
05_Expansions/08_Word-splitting-and-IFS.md	6	bash	158	164	5	NEUTRAL	RUNNABLE	0	12eef9ccf0165f22bff4758c5325b1d1acd83879
05_Expansions/09_Pathname-expansion-globbing.md	1	bash	60	73	12	NEUTRAL	RUNNABLE	1	c49fd9d8baf811a4cc66f30968abc064b576b43e
05_Expansions/09_Pathname-expansion-globbing.md	2	bash	85	96	10	NEUTRAL	RUNNABLE	1	c70a86062251eed1051537a19b55fd0c119de311
05_Expansions/09_Pathname-expansion-globbing.md	3	bash	109	113	3	NEUTRAL	RUNNABLE	0	50ff635c6af8627a555bdbc9ec990c2c0a1cc955
05_Expansions/09_Pathname-expansion-globbing.md	4	bash	125	135	9	NEUTRAL	RUNNABLE	0	0afb197eec57160924548d9fdb65927150e9683a
05_Expansions/10_Quote-removal.md	1	bash	16	35	18	NEUTRAL	RUNNABLE	1	720f0a75141e1972e72d5be6b767c3da429e1961
05_Expansions/10_Quote-removal.md	2	bash	59	72	12	WRONG	ANTIPATTERN	1	5cc3255f41999607f8ec052fc598f4f387fd60ea
05_Expansions/11_Glob-options.md	1	bash	37	50	12	WRONG	ANTIPATTERN	1	82dd39844cdbd309adb8d585450b6d2a2772c32b
05_Expansions/11_Glob-options.md	2	bash	66	79	12	NEUTRAL	RUNNABLE	0	a31a7f841946bb0ca98b3405765a005ae910a1e6
05_Expansions/11_Glob-options.md	3	bash	91	98	6	NEUTRAL	RUNNABLE	0	aaa5f04541437a94dddd0badbc73dc61e15b12ab
05_Expansions/11_Glob-options.md	4	bash	110	119	8	NEUTRAL	RUNNABLE	1	97f334cadded79531dc2daaa17a3005863f7d4a2
05_Expansions/12_Extended-globs-extglob.md	1	bash	29	41	11	NEUTRAL	RUNNABLE	1	f0074d328ff24f641df452a3f668b6ea197dc040
05_Expansions/12_Extended-globs-extglob.md	2	bash	55	66	10	NEUTRAL	DESTRUCTIVE	0	122ae0487d976989f74876971a4a3b4704d4add0
05_Expansions/12_Extended-globs-extglob.md	3	bash	77	82	4	NEUTRAL	RUNNABLE	0	0db5fc8366f998b7947fb5d0dfc80a6af8a420e0
05_Expansions/12_Extended-globs-extglob.md	4	bash	92	106	13	NEUTRAL	RUNNABLE	0	64e9c5870e9ec03d5ba660fc330fde9ff8edeb8c
05_Expansions/13_Locale-and-pattern-matching.md	1	bash	30	46	15	NEUTRAL	RUNNABLE	1	4283710ac0b8e5a8baab8db8cac6f4d6c9b8d27d
05_Expansions/13_Locale-and-pattern-matching.md	2	bash	55	69	13	RIGHT	RUNNABLE	0	ebf6ee8777f42155127aecdb8485aea5db8f5c3f
05_Expansions/13_Locale-and-pattern-matching.md	3	bash	77	93	15	NEUTRAL	RUNNABLE	0	dfba414c047fa1533f61037965921977c40b15f3
06_Redirection-and-Pipelines/01_The-fd-table-from-Bashs-perspective.md	1	bash	38	62	23	NEUTRAL	RUNNABLE	0	720385e43b4fc032a340f83ee4d2bebec1f6803b
06_Redirection-and-Pipelines/01_The-fd-table-from-Bashs-perspective.md	2	bash	70	89	18	NEUTRAL	RUNNABLE	1	46bf109bdd202306246f95bfd3f24aacaafcaebd
06_Redirection-and-Pipelines/01_The-fd-table-from-Bashs-perspective.md	3	bash	96	109	12	NEUTRAL	RUNNABLE	0	f2ca1154c341392f110049e8d13c8b31db6b870c
06_Redirection-and-Pipelines/02_Input-redirection.md	1	bash	29	48	18	NEUTRAL	NEEDS_INPUT	0	d07159582e7a3cf442b611da86cb72ef88128f41
06_Redirection-and-Pipelines/02_Input-redirection.md	2	bash	68	80	11	NEUTRAL	NEEDS_INPUT	0	51669a222e591429e1b51a1b1e8fd9a0098ac92d
06_Redirection-and-Pipelines/03_Output-redirection.md	1	bash	31	64	32	WRONG	ANTIPATTERN	1	5f0ff0d462a763dcfaf8c9ef1d070d7b0204da51
06_Redirection-and-Pipelines/03_Output-redirection.md	2	bash	80	87	6	MIXED	RUNNABLE	0	65cc2c40cb0c0094a04f47d67ceeb92766763f8e
06_Redirection-and-Pipelines/04_Stderr-redirection-and-merging.md	1	bash	31	47	15	MIXED	RUNNABLE	0	d5fdc2a51137703e1e47c35f67bc0c75c90c3c22
06_Redirection-and-Pipelines/04_Stderr-redirection-and-merging.md	2	bash	58	68	9	NEUTRAL	RUNNABLE	1	419359d82896e05c9c49ba74bce211e6eb1b9a72
06_Redirection-and-Pipelines/05_Reading-and-writing.md	1	bash	35	51	15	NEUTRAL	NEEDS_INPUT	1	9b2417b8982e3b21c53d00430417b714b6212edb
06_Redirection-and-Pipelines/06_Duplicating-fds.md	1	bash	44	62	17	NEUTRAL	RUNNABLE	1	991868c52e868b13f8f7bb8fe89a0a338c3ad98d
06_Redirection-and-Pipelines/06_Duplicating-fds.md	2	bash	76	89	12	NEUTRAL	RUNNABLE	1	e9c59195719e1876acbc56ffc29c8cd097a0de4f
06_Redirection-and-Pipelines/07_Moving-and-closing-fds.md	1	bash	32	48	15	NEUTRAL	RUNNABLE	1	41a95102a6a5a3ce3eb1d82e2d21c8016814a468
06_Redirection-and-Pipelines/07_Moving-and-closing-fds.md	2	bash	62	73	10	NEUTRAL	RUNNABLE	1	bd3d59e49f6716b1f46660563ddf4d94c7fd7a1a
06_Redirection-and-Pipelines/08_Here-documents.md	1	bash	28	44	15	NEUTRAL	RUNNABLE	1	1e680cf27e2ec97964c55293535dbaf3723de935
06_Redirection-and-Pipelines/08_Here-documents.md	2	bash	58	76	17	NEUTRAL	RUNNABLE	1	3f27715fe5d18ba2bf65422d3de295d714a99029
06_Redirection-and-Pipelines/08_Here-documents.md	3	bash	88	102	13	NEUTRAL	RUNNABLE	1	0660bb90c22d8086e5e81b0869fcff1fae4ad5d5
06_Redirection-and-Pipelines/09_Here-strings.md	1	bash	28	41	12	NEUTRAL	RUNNABLE	1	f8178360826d362f618750386772dded7e513048
06_Redirection-and-Pipelines/09_Here-strings.md	2	bash	54	65	10	NEUTRAL	RUNNABLE	1	8a78acacd909494a20845c72571ff84e0dc282fd
06_Redirection-and-Pipelines/10_Process-substitution-as-redirection.md	1	bash	30	39	8	NEUTRAL	RUNNABLE	1	f9bf70e269af2abd92a8078c68d6fe59d5037df8
06_Redirection-and-Pipelines/10_Process-substitution-as-redirection.md	2	bash	51	70	18	NEUTRAL	RUNNABLE	1	d5bf9aa07a4c9ffcc8c4da9205ba15a1664a566b
06_Redirection-and-Pipelines/10_Process-substitution-as-redirection.md	3	bash	85	99	13	NEUTRAL	DESTRUCTIVE	0	090007d8697cf64073155a48da3a7147606f24fd
06_Redirection-and-Pipelines/11_Order-of-evaluation.md	1	bash	28	52	23	MIXED	RUNNABLE	1	9ea04c795c5d72baab1fd84d6ab216843ff3d926
06_Redirection-and-Pipelines/11_Order-of-evaluation.md	2	bash	66	81	14	MIXED	RUNNABLE	1	8ee736761d8d2377b51a3341ec1005ffdb261030
06_Redirection-and-Pipelines/11_Order-of-evaluation.md	3	bash	93	99	5	NEUTRAL	RUNNABLE	0	0cdadbf6951c9110ce905fd980745dd2b73195f3
06_Redirection-and-Pipelines/12_exec-for-fd-manipulation.md	1	bash	29	50	20	NEUTRAL	RUNNABLE	0	fbb00991cfd08d7762013c38cabe937bdaba9c61
06_Redirection-and-Pipelines/12_exec-for-fd-manipulation.md	2	bash	62	83	20	NEUTRAL	NEEDS_INPUT	0	3eb85463269cf9bb79a6d8d912dccb31693424f7
06_Redirection-and-Pipelines/12_exec-for-fd-manipulation.md	3	bash	96	107	10	WRONG	ANTIPATTERN	0	6ba7b6f1fe49fd3bb15f3942decfbe9e00475e43
06_Redirection-and-Pipelines/12_exec-for-fd-manipulation.md	4	bash	123	136	12	NEUTRAL	RUNNABLE	0	f34277d924aa75eeb38646953e266b25b1ce2074
06_Redirection-and-Pipelines/13_Pipelines.md	1	bash	42	61	18	NEUTRAL	RUNNABLE	1	00ff8f878238fc401d6b3289a93dd3edf19a8c31
06_Redirection-and-Pipelines/13_Pipelines.md	2	bash	67	82	14	NEUTRAL	NETWORK	0	244784b019799700dabc9bb9bc8d0c590711849f
06_Redirection-and-Pipelines/13_Pipelines.md	3	bash	90	107	16	MIXED	NEEDS_INPUT	1	4cfb0f7b29b698a1ef3bdbc02ff2d34cbe89b754
06_Redirection-and-Pipelines/14_Stderr-pipelines.md	1	bash	11	31	19	NEUTRAL	RUNNABLE	1	2c27519c65d2b9cb3ca4ff3971e8648b02996291
06_Redirection-and-Pipelines/15_pipefail-semantics.md	1	bash	35	62	26	NEUTRAL	NEEDS_INPUT	1	93d71e7723d17faed3955f5892091afe367873ea
06_Redirection-and-Pipelines/15_pipefail-semantics.md	2	bash	84	99	14	NEUTRAL	RUNNABLE	1	917ec49e10b0e86cdd4a1a0064739a432ed2dd62
06_Redirection-and-Pipelines/16_lastpipe-semantics.md	1	bash	18	31	12	WRONG	ANTIPATTERN	1	646199d7b616a7e4e37acb12d85b0c5f456f5541
06_Redirection-and-Pipelines/16_lastpipe-semantics.md	2	bash	35	43	7	NEUTRAL	NEEDS_INPUT	1	a7d947865fb728fa81945cc0d6f8c54142fb4710
06_Redirection-and-Pipelines/16_lastpipe-semantics.md	3	bash	53	70	16	NEUTRAL	NEEDS_INPUT	1	f7c3d19c5a848b28d29712c6fdc4df465497db72
07_Control-Flow-and-Compound-Commands/01_Compound-command-overview.md	1	bash	31	38	6	NEUTRAL	NETWORK	0	afc2eb28dc4eb9bb8772aae1c19843ff3dd924ec
07_Control-Flow-and-Compound-Commands/01_Compound-command-overview.md	2	bash	58	64	5	NEUTRAL	NEEDS_INPUT	1	3b6a8b87937331317ceefc730ab6f849da3e35d4
07_Control-Flow-and-Compound-Commands/02_ifelifelsefi.md	1	NONE	12	14	1	NEUTRAL	FRAGMENT	0	11c8fc2defdbfa237360ede51cacb4467f464abc
07_Control-Flow-and-Compound-Commands/02_ifelifelsefi.md	2	bash	29	38	8	NEUTRAL	RUNNABLE	1	26e16fd2be2aa1575f316e9610fc11c0ffe7b134
07_Control-Flow-and-Compound-Commands/02_ifelifelsefi.md	3	bash	40	47	6	NEUTRAL	RUNNABLE	1	18d79b21df67169b6a1afc6a13f2d0e926083617
07_Control-Flow-and-Compound-Commands/02_ifelifelsefi.md	4	bash	63	72	8	NEUTRAL	RUNNABLE	1	81364ef183014130ec1be2570abee3157a3df63a
07_Control-Flow-and-Compound-Commands/02_ifelifelsefi.md	5	bash	82	86	3	NEUTRAL	RUNNABLE	0	be51bf612bf521414f0ddf435e6dd341ff453e97
07_Control-Flow-and-Compound-Commands/03_caseesac.md	1	NONE	11	17	5	NEUTRAL	FRAGMENT	0	3b4fa5d9e018cb2acb945510a21f3a624dcb2b41
07_Control-Flow-and-Compound-Commands/03_caseesac.md	2	bash	30	36	5	NEUTRAL	RUNNABLE	1	a8864b30e91781d93dbae3a124a916aa1c615fc7
07_Control-Flow-and-Compound-Commands/03_caseesac.md	3	bash	58	68	9	NEUTRAL	RUNNABLE	0	8502822927bb6d32780cc28580884cac623959e9
07_Control-Flow-and-Compound-Commands/03_caseesac.md	4	bash	70	78	7	NEUTRAL	RUNNABLE	0	b5b72f60b3fd0109720f452605fc7ee6335f10f3
07_Control-Flow-and-Compound-Commands/03_caseesac.md	5	bash	91	102	10	NEUTRAL	RUNNABLE	0	3a9e064be19f23276b5d68c34734c10397ebe7f3
07_Control-Flow-and-Compound-Commands/03_caseesac.md	6	bash	126	140	13	MIXED	RUNNABLE	0	bdc34ca8eb128d48fa2faa002668ad33c7bbb5be
07_Control-Flow-and-Compound-Commands/04_for-x-in-list.md	1	NONE	13	16	2	NEUTRAL	FRAGMENT	0	b708b661d603f539e10aa3938cf1c663c783d514
07_Control-Flow-and-Compound-Commands/04_for-x-in-list.md	2	bash	28	40	11	MIXED	RUNNABLE	1	5e98606a2d60186cd72c1957abb017b5eb20a466
07_Control-Flow-and-Compound-Commands/04_for-x-in-list.md	3	bash	49	58	8	NEUTRAL	RUNNABLE	0	0d3f6d7a272bbb644795095f9d0a0cc1a3eaeb6d
07_Control-Flow-and-Compound-Commands/04_for-x-in-list.md	4	bash	71	77	5	NEUTRAL	RUNNABLE	0	48e99c3441616020b40628f949540411f95ccc1e
07_Control-Flow-and-Compound-Commands/04_for-x-in-list.md	5	bash	91	101	9	NEUTRAL	RUNNABLE	0	cca92a30594e268eb33d679ca3affd50fef8b23b
07_Control-Flow-and-Compound-Commands/05_C-style-for.md	1	NONE	12	14	1	NEUTRAL	FRAGMENT	0	db75651a6c20e7a701825b4bdaca40bd0aaad612
07_Control-Flow-and-Compound-Commands/05_C-style-for.md	2	bash	23	34	10	NEUTRAL	RUNNABLE	1	793ed8fc45e8e654801c82e7dd7138ae7b6ec973
07_Control-Flow-and-Compound-Commands/05_C-style-for.md	3	bash	51	64	12	NEUTRAL	RUNNABLE	0	4d951d90ec03d31b51d920b9a1f15b381fcff40c
07_Control-Flow-and-Compound-Commands/05_C-style-for.md	4	bash	78	83	4	WRONG	ANTIPATTERN	0	42a838fb550caf09685c608c5d208fc2d69cf457
07_Control-Flow-and-Compound-Commands/06_whileuntil.md	1	NONE	12	15	2	NEUTRAL	FRAGMENT	0	36c653d67c0825517d3632eb2d9f6e41f7cce0e4
07_Control-Flow-and-Compound-Commands/06_whileuntil.md	2	bash	24	28	3	NEUTRAL	RUNNABLE	0	354559f24384824d950f6964c7dee1e9ec0ab58e
07_Control-Flow-and-Compound-Commands/06_whileuntil.md	3	bash	39	44	4	NEUTRAL	NEEDS_INPUT	0	ba54a361808f64b0140c356a67326ba892f61eea
07_Control-Flow-and-Compound-Commands/06_whileuntil.md	4	bash	66	73	6	WRONG	ANTIPATTERN	1	4f34e9f0138164ec37a92be499f9f172b3d16183
07_Control-Flow-and-Compound-Commands/06_whileuntil.md	5	bash	78	85	6	RIGHT	NEEDS_INPUT	1	a69534c0a7d2c4c72819d3493bdbce7fd2256dec
07_Control-Flow-and-Compound-Commands/06_whileuntil.md	6	bash	87	97	9	NEUTRAL	NEEDS_INPUT	1	4b7dda83e85e1e6b09368d7478195a735d2c17e0
07_Control-Flow-and-Compound-Commands/06_whileuntil.md	7	bash	110	118	7	NEUTRAL	NETWORK	0	1f1a1ec2918bb8019c345cae47c321d564ff8c1d
07_Control-Flow-and-Compound-Commands/07_select.md	1	NONE	11	13	1	NEUTRAL	FRAGMENT	0	c20f2186126edd9d412800e5fcd168147b23baeb
07_Control-Flow-and-Compound-Commands/07_select.md	2	bash	31	50	18	NEUTRAL	INTERACTIVE	0	43ffc76058b9f23caa220a360288be309e2d4b0b
07_Control-Flow-and-Compound-Commands/07_select.md	3	bash	63	76	12	NEUTRAL	INTERACTIVE	0	93162341d51457a1337b56d4092bb61f8466c34d
07_Control-Flow-and-Compound-Commands/08_Subshell-grouping.md	1	NONE	12	14	1	NEUTRAL	FRAGMENT	0	3c59d4cdeb42694a12ba9057b87f81e3b77d712b
07_Control-Flow-and-Compound-Commands/08_Subshell-grouping.md	2	bash	51	64	12	MIXED	RUNNABLE	0	4afc9df2077245893023bbda87b7912202a7890f
07_Control-Flow-and-Compound-Commands/08_Subshell-grouping.md	3	bash	75	87	11	NEUTRAL	RUNNABLE	1	f7b49018eb04443dbbb7cd469e24bf5088edc0e8
07_Control-Flow-and-Compound-Commands/09_Brace-grouping.md	1	NONE	12	16	3	NEUTRAL	FRAGMENT	0	0603bc1a8be5b9f4a883caec6543c99bf971d953
07_Control-Flow-and-Compound-Commands/09_Brace-grouping.md	2	bash	28	41	12	MIXED	RUNNABLE	1	134e14913de35c4fad13ef859294a96e638e95f3
07_Control-Flow-and-Compound-Commands/09_Brace-grouping.md	3	bash	51	65	13	NEUTRAL	RUNNABLE	0	cc593d03b6e567b5d1de6ec03abb8b1c9301e3db
07_Control-Flow-and-Compound-Commands/10_and-short-circuits.md	1	bash	27	32	4	NEUTRAL	RUNNABLE	0	526264457bf191179f6c38c8aed2bca64babe131
07_Control-Flow-and-Compound-Commands/10_and-short-circuits.md	2	bash	46	53	6	MIXED	RUNNABLE	0	07031283b0707444f1012eeb1fce4995314fb660
07_Control-Flow-and-Compound-Commands/10_and-short-circuits.md	3	bash	62	69	6	RIGHT	RUNNABLE	0	94091587852d8729bebc0836eb691baa1e0ef4bb
07_Control-Flow-and-Compound-Commands/10_and-short-circuits.md	4	bash	73	76	2	RIGHT	RUNNABLE	0	7b07bcf7ffcfdc56e717808a5dc58d42318127b4
07_Control-Flow-and-Compound-Commands/10_and-short-circuits.md	5	bash	91	94	2	WRONG	ANTIPATTERN	0	21ba29ef712f773efa04a559f47241958ff982f3
07_Control-Flow-and-Compound-Commands/11_break-and-continue.md	1	bash	24	37	12	NEUTRAL	RUNNABLE	1	1156517d3efdc19bc2aa9be85b90cdbbd61b1d05
07_Control-Flow-and-Compound-Commands/11_break-and-continue.md	2	bash	47	56	8	NEUTRAL	RUNNABLE	1	59eee95615089ff9f04f90d54b394a615c835a65
07_Control-Flow-and-Compound-Commands/12_return.md	1	bash	24	41	16	NEUTRAL	RUNNABLE	1	db1585491b3d98c75a89a202edabae39c2c39169
07_Control-Flow-and-Compound-Commands/12_return.md	2	bash	49	61	11	NEUTRAL	RUNNABLE	1	b06bfb58dff3df347bf97affe93129d8b42896b7
07_Control-Flow-and-Compound-Commands/13_exit.md	1	bash	25	40	14	NEUTRAL	RUNNABLE	1	908b72380a78bb24e1ab1ddcc29ab20f6aee45e6
07_Control-Flow-and-Compound-Commands/13_exit.md	2	bash	53	69	15	NEUTRAL	RUNNABLE	1	ea9d11b49ab6cdfa05adf0372ac80ad14b87a31e
07_Control-Flow-and-Compound-Commands/14_true-false.md	1	bash	26	40	13	NEUTRAL	RUNNABLE	0	f840d655b1fb24dbffa4bb0de1daed266e493837
07_Control-Flow-and-Compound-Commands/14_true-false.md	2	NONE	44	48	3	NEUTRAL	FRAGMENT	0	4a4fd01cfb982fc6af50ebb8cee8a9d545d775bb
08_Conditional-Expressions-and-Arithmetic/01_overview.md	1	bash	19	24	4	NEUTRAL	RUNNABLE	1	b100c75a6fcac23f60be0a656f292522727dff09
08_Conditional-Expressions-and-Arithmetic/01_overview.md	2	bash	30	36	5	NEUTRAL	RUNNABLE	1	01a08dcddfcc1932c8c80d4d49cf2e6d3d9d3008
08_Conditional-Expressions-and-Arithmetic/03_File-comparison-operators.md	1	bash	25	50	24	MIXED	DESTRUCTIVE	1	11f154636e6a979b0565c55e5152439b977d9866
08_Conditional-Expressions-and-Arithmetic/04_String-operators.md	1	bash	28	48	19	NEUTRAL	RUNNABLE	1	d681cb63434e489e2b176154fcf6dfc758685268
08_Conditional-Expressions-and-Arithmetic/05_Pattern-matching-with.md	1	bash	31	36	4	NEUTRAL	RUNNABLE	1	e266955d3ff6583ca8248b39457dd96f49b4e46b
08_Conditional-Expressions-and-Arithmetic/05_Pattern-matching-with.md	2	bash	40	47	6	NEUTRAL	RUNNABLE	1	cdff4c037beb06a60b3b6e1c3d5a7ca100d0edf0
08_Conditional-Expressions-and-Arithmetic/06_Regex-matching-with.md	1	bash	23	31	7	NEUTRAL	RUNNABLE	1	a05c1633694e1bcb1ade7accd81551893106a956
08_Conditional-Expressions-and-Arithmetic/06_Regex-matching-with.md	2	bash	35	40	4	NEUTRAL	RUNNABLE	1	18206a2fcd2a59c163b73b3019b328dae1f729d1
08_Conditional-Expressions-and-Arithmetic/06_Regex-matching-with.md	3	bash	44	52	7	RIGHT	RUNNABLE	1	2ef7f13df12ddb84143f73e1df43d9c854475af1
08_Conditional-Expressions-and-Arithmetic/07_Logical-operators-and-grouping.md	1	bash	28	50	21	MIXED	RUNNABLE	0	4c14dc82171ac626330d4ad721991ab58b22687d
08_Conditional-Expressions-and-Arithmetic/08_Quoting-rules-inside.md	1	bash	27	56	28	NEUTRAL	RUNNABLE	1	cbdf3eca92d4aa3e92165491681374fccaf3f5e8
08_Conditional-Expressions-and-Arithmetic/09_Arithmetic-context.md	1	bash	15	22	6	NEUTRAL	RUNNABLE	1	11c661061d0ea81ce3c6320ae8e4de0ee8230564
08_Conditional-Expressions-and-Arithmetic/09_Arithmetic-context.md	2	bash	30	37	6	NEUTRAL	RUNNABLE	1	164f3297590c3d68787a69a233f4bf35a9e3695f
08_Conditional-Expressions-and-Arithmetic/09_Arithmetic-context.md	3	bash	43	49	5	RIGHT	RUNNABLE	0	6c8da2e874023dae539558ed55651c93785138cc
08_Conditional-Expressions-and-Arithmetic/11_Integer-types-overflow-base-prefixes.md	1	bash	25	51	25	RIGHT	RUNNABLE	1	673d07cbcf30734cc5a9494ead5a815e0c039687
08_Conditional-Expressions-and-Arithmetic/12_Floating-point-workarounds.md	1	bash	22	47	24	NEUTRAL	RUNNABLE	1	6abcd8ed92659577e6d0a90228e9f89953a3e449
08_Conditional-Expressions-and-Arithmetic/13_let-builtin.md	1	bash	23	46	22	MIXED	RUNNABLE	1	43d3e07cbd5ad0f925b55ea5977d7122090f1b75
09_Functions/01_Definition-syntax.md	1	bash	16	21	4	NEUTRAL	RUNNABLE	0	fb6155592523990539386fc468365fb54c1b288e
09_Functions/01_Definition-syntax.md	2	bash	40	50	9	NEUTRAL	RUNNABLE	1	47c60cc09be016b6eb8d487d1f8a3dc6b0dc8ef9
09_Functions/01_Definition-syntax.md	3	bash	64	70	5	NEUTRAL	RUNNABLE	1	d4db4fde10c4dc39d534f0d7f6aca1fb15ad5d9c
09_Functions/01_Definition-syntax.md	4	bash	85	91	5	NEUTRAL	RUNNABLE	0	e75bd2bc08bbe41c888a4022f594f091a6dfd0e8
09_Functions/02_Argument-passing.md	1	bash	33	44	10	NEUTRAL	RUNNABLE	1	f257b05fe9d16a4e6b845cd9ebd5b06f6a8e9408
09_Functions/02_Argument-passing.md	2	bash	56	70	13	WRONG	ANTIPATTERN	1	cce45abb405a9cfbf54fef65c9c1abc1098b28b8
09_Functions/02_Argument-passing.md	3	bash	83	89	5	RIGHT	RUNNABLE	0	b58fcae4672af6327074b438f68eda925f44ad60
09_Functions/02_Argument-passing.md	4	bash	106	121	14	NEUTRAL	RUNNABLE	0	454b504e7fcbfea229043980b8ed9f46f7567942
09_Functions/03_local-and-scope.md	1	bash	17	29	11	NEUTRAL	RUNNABLE	1	6767356044709a9d6bd96788bd418a22519a163b
09_Functions/03_local-and-scope.md	2	bash	43	54	10	NEUTRAL	RUNNABLE	1	c37e4ddb41571ce999b473e75c04f71faba3fcba
09_Functions/03_local-and-scope.md	3	bash	69	79	9	NEUTRAL	RUNNABLE	1	626f082b97b92ef657d685e2b1ab52edd255ec39
09_Functions/03_local-and-scope.md	4	bash	85	98	12	NEUTRAL	RUNNABLE	1	cc8596905743160766e378b0927392974a5ea748
09_Functions/03_local-and-scope.md	5	bash	111	127	15	NEUTRAL	RUNNABLE	1	715ad339453d49adacc101fcd3736d59f30e010b
09_Functions/04_Return-value-via-return-N.md	1	bash	25	38	12	NEUTRAL	RUNNABLE	1	5007dfa71c25d9b8d8edb663e0cfbb7edb02f30f
09_Functions/04_Return-value-via-return-N.md	2	bash	46	70	23	MIXED	RUNNABLE	0	bb0006dad5197f0da6ee07deb39b6da5eeb0f1ad
09_Functions/05_Communicating-results.md	1	bash	24	33	8	NEUTRAL	RUNNABLE	1	84ce2d2d9eccd35b52e41902877a58531da397f3
09_Functions/05_Communicating-results.md	2	bash	44	54	9	NEUTRAL	RUNNABLE	1	619a3975688b58c14145dc270e1abe559cc38a60
09_Functions/05_Communicating-results.md	3	bash	67	78	10	NEUTRAL	RUNNABLE	1	f73f3ff0e11a29fa5e66c16ae995373fc96ff6c6
09_Functions/05_Communicating-results.md	4	bash	91	101	9	WRONG	ANTIPATTERN	1	53ba61229971b292af4c83da33466edc1d49ec42
09_Functions/06_Recursion-and-FUNCNEST.md	1	bash	31	55	23	NEUTRAL	RUNNABLE	0	b655374422fb13e814bf3c69e02a7e5f46224076
09_Functions/07_Function-tracing.md	1	bash	30	53	22	NEUTRAL	RUNNABLE	1	3ba350c1f6a2eed3463d699464a520dc8d976a60
09_Functions/07_Function-tracing.md	2	NONE	57	66	8	NEUTRAL	FRAGMENT	0	f1f771eec0dd34e315b4e7205df3faad4d4b4fbc
09_Functions/08_Listing-and-inspecting-functions.md	1	bash	26	47	20	NEUTRAL	RUNNABLE	1	c56fb02e754fbd5813ab1110ad40d126d05452b8
09_Functions/09_Exporting-functions.md	1	bash	28	54	25	RIGHT	RUNNABLE	1	f53107aa2dc815af6a9a1d71a8eaac482ff194cb
09_Functions/11_Self-locating-with-BASH_SOURCE.md	1	bash	34	50	15	NEUTRAL	RUNNABLE	0	4a531c1dffadb3a9347b9a3c995822ff1c87cca1
09_Functions/11_Self-locating-with-BASH_SOURCE.md	2	bash	67	86	18	NEUTRAL	RUNNABLE	1	b9838838ea93513f4b26cee7f009df01d04b34c5
09_Functions/12_Calling-convention-discipline.md	1	bash	30	68	37	NEUTRAL	RUNNABLE	1	68695304fdd5b2f0096dd0e80ff43c5810ad5986
10_Sourcing-Libraries-and-Modules/01_source-semantics.md	1	bash	35	48	12	NEUTRAL	RUNNABLE	1	fab7a4333a97491978cc89efcd869a1022bf7165
10_Sourcing-Libraries-and-Modules/01_source-semantics.md	2	bash	65	82	16	NEUTRAL	RUNNABLE	1	aa4bf1a1ecf1276e490548b6af9f20e928a143e9
10_Sourcing-Libraries-and-Modules/01_source-semantics.md	3	bash	99	141	41	WRONG	ANTIPATTERN	0	3ef7f8a087e6ca9f4bafc6e0f451de5d415e0a54
10_Sourcing-Libraries-and-Modules/01_source-semantics.md	4	bash	160	169	8	NEUTRAL	RUNNABLE	1	9dc9d11a491de7227d613bc83660cbc73c4151cb
10_Sourcing-Libraries-and-Modules/02_The-BASH_SOURCE-array.md	1	bash	32	55	22	NEUTRAL	RUNNABLE	0	d74ff80d1c900dc8905d6d4088db19aa834392d3
10_Sourcing-Libraries-and-Modules/02_The-BASH_SOURCE-array.md	2	NONE	59	65	5	NEUTRAL	FRAGMENT	0	dc0389ac5f584ba630402d06d1000d4f021484df
10_Sourcing-Libraries-and-Modules/03_Self-locating-library-pattern.md	1	bash	7	10	2	NEUTRAL	RUNNABLE	0	04666f55e40b5324f64017c2df8d8593eed23122
10_Sourcing-Libraries-and-Modules/03_Self-locating-library-pattern.md	2	bash	29	58	28	NEUTRAL	RUNNABLE	1	9f72bad85e36df2ae3be01c4b603614461164220
10_Sourcing-Libraries-and-Modules/04_Idempotent-sourcing-guards.md	1	bash	9	12	2	NEUTRAL	RUNNABLE	0	5a70bec948e17e0ed4fbfe179eaf3bb3b3b2d225
10_Sourcing-Libraries-and-Modules/04_Idempotent-sourcing-guards.md	2	bash	28	51	22	NEUTRAL	RUNNABLE	1	6045138f575467cf635e96dcba2dcfac53b05b9d
10_Sourcing-Libraries-and-Modules/05_Namespace-prefixes.md	1	bash	27	68	40	NEUTRAL	RUNNABLE	1	d24da5bebb55785f1b488da30bb1ddf4f345d6d3
10_Sourcing-Libraries-and-Modules/06_Public-vs-private-conventions.md	1	bash	27	56	28	WRONG	ANTIPATTERN	0	a992bf7b1b6b0a844a7d48712018a007c7cbbbb4
10_Sourcing-Libraries-and-Modules/07_Version-negotiation.md	1	bash	8	18	9	NEUTRAL	RUNNABLE	0	da0b9e39ef8819f44bfbaebeaea8c6f06f0e8907
10_Sourcing-Libraries-and-Modules/07_Version-negotiation.md	2	bash	34	64	29	NEUTRAL	RUNNABLE	1	40d4f5881ccd6d2abb8430ad5b4e90ec77e5c267
10_Sourcing-Libraries-and-Modules/08_Lazy-and-conditional-loading.md	1	bash	19	29	9	NEUTRAL	RUNNABLE	0	3c907d73ed36e1db587055c0e27c8daecbb0d116
10_Sourcing-Libraries-and-Modules/08_Lazy-and-conditional-loading.md	2	bash	49	64	14	WRONG	ANTIPATTERN	1	17e6c76ea743b01a24015f2e18695d2013ab9980
10_Sourcing-Libraries-and-Modules/08_Lazy-and-conditional-loading.md	3	bash	73	88	14	RIGHT	RUNNABLE	1	3c7893a501c2697aefbc063cfb7e8b77a0fb500c
10_Sourcing-Libraries-and-Modules/08_Lazy-and-conditional-loading.md	4	bash	110	120	9	NEUTRAL	RUNNABLE	0	e21db9b2954b89660d71e492e1841bac720b1987
10_Sourcing-Libraries-and-Modules/09_Cross-shell-sourcing-pitfalls.md	1	bash	26	50	23	NEUTRAL	RUNNABLE	0	b1aa06f11611bfd115fcd0acad2921ec05294b9c
10_Sourcing-Libraries-and-Modules/10_API-design.md	1	bash	29	83	53	NEUTRAL	RUNNABLE	0	41e5af75d3530645950fe70c1c242acc65ca9d11
10_Sourcing-Libraries-and-Modules/11_Distribution-and-installation.md	1	makefile	32	69	36	NEUTRAL	FRAGMENT	0	2a815d142da3601dd6a7f0f152298d58f4622b35
11_Process-Management/01_The-Bash-process-tree-at-runtime.md	1	bash	27	42	14	NEUTRAL	RUNNABLE	0	08ac559b987dcb102d7ffc5397b649f3cc2a7db0
11_Process-Management/01_The-Bash-process-tree-at-runtime.md	2	NONE	51	61	9	NEUTRAL	FRAGMENT	0	9926cd485e60da86d8c4a56caeefc5c4ac65cbd2
11_Process-Management/01_The-Bash-process-tree-at-runtime.md	3	bash	72	83	10	RIGHT	NEEDS_INPUT	1	c149e32b8f6ab706d642c0d9d371b7113c250d14
11_Process-Management/02_PIDs-BASHPID-PPID.md	1	bash	24	41	16	NEUTRAL	RUNNABLE	1	8cc304659d202754eb23c0fbb2ec1ef6cfab2a15
11_Process-Management/02_PIDs-BASHPID-PPID.md	2	bash	49	59	9	MIXED	RUNNABLE	0	8a5d6a011e1ee1e635ba01357b0ed7c2144d7237
11_Process-Management/02_PIDs-BASHPID-PPID.md	3	bash	69	73	3	RIGHT	DESTRUCTIVE	0	f8550091091e92cbde5153fbebd44c5bab26e0f1
11_Process-Management/03_Subshell-origins.md	1	bash	47	59	11	NEUTRAL	RUNNABLE	1	3233c1c8f6ccd20d53035c97582cade044a0a401
11_Process-Management/03_Subshell-origins.md	2	bash	71	82	10	NEUTRAL	RUNNABLE	1	aeb4fe2ae426f3a897e171104b89f4e022197223
11_Process-Management/04_BASH_SUBSHELL-depth-tracking.md	1	bash	15	25	9	NEUTRAL	RUNNABLE	1	d27d89225f677ecd3347f662a5333c270ebdcb32
11_Process-Management/04_BASH_SUBSHELL-depth-tracking.md	2	bash	37	47	9	NEUTRAL	RUNNABLE	0	01c7185f2667f0ae733d27c6f4f147dc69b1429b
11_Process-Management/05_Foreground-vs-background.md	1	bash	13	17	3	NEUTRAL	RUNNABLE	0	9d79f952c05065153b0a93a75a60da1e3999401d
11_Process-Management/05_Foreground-vs-background.md	2	bash	30	40	9	NEUTRAL	DESTRUCTIVE	1	b05cfa17ca31ccde2e5e62c4c7eeb2b4d38ba8e0
11_Process-Management/05_Foreground-vs-background.md	3	bash	64	85	20	NEUTRAL	RUNNABLE	0	d430267663c1f5494ec280c6af5aafdedc29242e
11_Process-Management/05_Foreground-vs-background.md	4	bash	98	101	2	NEUTRAL	RUNNABLE	0	20c04d6b3863958cce18a5ea447d99efd64b0d3c
11_Process-Management/05_Foreground-vs-background.md	5	bash	131	139	7	MIXED	RUNNABLE	1	21e02bf8ecb02d0569cd2c684967a48a3e8d1481
11_Process-Management/06_Process-groups-and-sessions.md	1	bash	48	64	15	RIGHT	RUNNABLE	1	52d1d7cf5d36dac6e6f36fe3d2a5cfd5193ef9bf
11_Process-Management/06_Process-groups-and-sessions.md	2	bash	72	78	5	NEUTRAL	DESTRUCTIVE	0	6f0b3a579d6188b9c16516384f138af34282a495
11_Process-Management/06_Process-groups-and-sessions.md	3	bash	124	127	2	NEUTRAL	DESTRUCTIVE	0	18a5f4233895a43ed7b2a5dfb014296e6ad3cc5e
11_Process-Management/07_The-job-table.md	1	bash	34	44	9	NEUTRAL	DESTRUCTIVE	1	a9b75375a94b2e6dc998f82c4d229028f9b6f35f
11_Process-Management/09_Job-control-builtins.md	1	bash	33	48	14	NEUTRAL	RUNNABLE	1	467453ba6cba66412393da1be39cfd8c35224046
11_Process-Management/09_Job-control-builtins.md	2	bash	63	75	11	NEUTRAL	RUNNABLE	0	90dace1b6ad36aecfc37a4b0af5d68bc172be059
11_Process-Management/10_kill-and-signal-delivery.md	1	bash	29	47	17	NEUTRAL	DESTRUCTIVE	1	33768d4aa2a6bc629818bd30a1a53c7c5f1e387a
11_Process-Management/10_kill-and-signal-delivery.md	2	bash	56	60	3	NEUTRAL	DESTRUCTIVE	0	d74f86cdb1776184fc364ea09abe61c4dbd69581
11_Process-Management/10_kill-and-signal-delivery.md	3	bash	72	79	6	NEUTRAL	DESTRUCTIVE	0	f7e11b8e41b052d905afa5f62773a79283959046
11_Process-Management/11_nohup-and-setsid.md	1	bash	27	33	5	NEUTRAL	RUNNABLE	0	2abcbe657883ebf322739e6669c73845617f8812
11_Process-Management/11_nohup-and-setsid.md	2	bash	45	49	3	NEUTRAL	RUNNABLE	0	b43c94904e25885ee972a80582bc3c3c320f5c6e
11_Process-Management/11_nohup-and-setsid.md	3	bash	63	67	3	NEUTRAL	RUNNABLE	0	933806dce16b05e7734f390bc58ce5219ddbac12
11_Process-Management/11_nohup-and-setsid.md	4	bash	71	83	11	MIXED	RUNNABLE	1	9c5972ac1eb8a77c6e9b9890871c357827c4ac28
11_Process-Management/12_Detaching-from-the-terminal.md	1	bash	30	53	22	NEUTRAL	RUNNABLE	0	5dec825df47217579f69ae87f29e73328e661326
11_Process-Management/12_Detaching-from-the-terminal.md	2	ini	62	78	15	NEUTRAL	FRAGMENT	0	ed6412eb243317db40400978531b89aaa6bd4f36
11_Process-Management/12_Detaching-from-the-terminal.md	3	bash	80	85	4	NEUTRAL	DESTRUCTIVE	0	7e10a1b0ae5b4bb05acc740521d4de0ca5be1608
11_Process-Management/13_Environment-inheritance.md	1	bash	22	34	11	NEUTRAL	RUNNABLE	1	9b2b7ebba55747f15c2b8b2a6a279701bf0ff28c
11_Process-Management/13_Environment-inheritance.md	2	bash	42	46	3	NEUTRAL	RUNNABLE	1	d8e5b5257ff1b36267c9b0374e03145ea028fd62
11_Process-Management/13_Environment-inheritance.md	3	bash	59	62	2	NEUTRAL	RUNNABLE	0	b69b38dd9ba19ca583e3999beac876c7b3f62f5b
12_Signals-and-Traps/01_Signal-taxonomy.md	1	bash	37	43	5	NEUTRAL	RUNNABLE	1	d4ed663c78dbe11f5eb35638c45d7bfbedbde679
12_Signals-and-Traps/03_Uncatchable-signals.md	1	bash	31	39	7	NEUTRAL	DESTRUCTIVE	0	a96346bfc800fc2fc2a1ee0c5b11cf0786c7a86d
12_Signals-and-Traps/04_Signal-disposition.md	1	bash	17	21	3	NEUTRAL	RUNNABLE	0	6666b52ed429e27a7150c115242d1317158e46e4
12_Signals-and-Traps/04_Signal-disposition.md	2	bash	37	50	12	NEUTRAL	RUNNABLE	1	6da5f88547d50c47f41caab42f5e680508cf4c33
12_Signals-and-Traps/05_The-trap-builtin.md	1	bash	25	28	2	NEUTRAL	RUNNABLE	0	5429fcbb59541e527d6da067bac078f67cade21a
12_Signals-and-Traps/05_The-trap-builtin.md	2	bash	36	42	5	WRONG	ANTIPATTERN	1	4e985140d35daeefc0f28a30e64e0a6692a849fb
12_Signals-and-Traps/05_The-trap-builtin.md	3	bash	44	50	5	RIGHT	RUNNABLE	0	8b53e9121846938a4eae9acf6d670c6ca85f5929
12_Signals-and-Traps/05_The-trap-builtin.md	4	bash	62	68	5	MIXED	RUNNABLE	0	faf33a0957a0b49b4872ae357a1ce04955804848
12_Signals-and-Traps/05_The-trap-builtin.md	5	bash	77	95	17	NEUTRAL	RUNNABLE	1	210a418f942b191d38b7de56dc21c47540ad0949
12_Signals-and-Traps/05_The-trap-builtin.md	6	bash	103	109	5	NEUTRAL	RUNNABLE	0	374650936fea6e19d0dfa46f9594ab0fcdc65acc
12_Signals-and-Traps/05_The-trap-builtin.md	7	bash	117	122	4	NEUTRAL	RUNNABLE	0	804c45d79c07ffc4a0e7de6636460fb106ad9c32
12_Signals-and-Traps/06_Pseudo-signals-EXIT-ERR-DEBUG-RETURN.md	1	bash	26	43	16	NEUTRAL	DESTRUCTIVE	0	d00709e8d99a8f261a48a080dd4e049227e912e7
12_Signals-and-Traps/06_Pseudo-signals-EXIT-ERR-DEBUG-RETURN.md	2	bash	72	89	16	NEUTRAL	RUNNABLE	1	8e52539a1dd5c7b03f65a3f4596abb83d1695d37
12_Signals-and-Traps/06_Pseudo-signals-EXIT-ERR-DEBUG-RETURN.md	3	bash	110	128	17	NEUTRAL	RUNNABLE	1	b9fbe8f1c5d73278ce18f5a34c238c47a37a7310
12_Signals-and-Traps/06_Pseudo-signals-EXIT-ERR-DEBUG-RETURN.md	4	bash	146	164	17	NEUTRAL	RUNNABLE	1	3b8144e95b22a1dd3a1128dc7603eebb9c54f489
12_Signals-and-Traps/07_trap-p-and-trap-inspection.md	1	bash	17	30	12	NEUTRAL	RUNNABLE	1	cb0fc28b47244b800dbc77ac8b8392b0e58be9cb
12_Signals-and-Traps/07_trap-p-and-trap-inspection.md	2	bash	35	41	5	NEUTRAL	RUNNABLE	0	912a0084dd8dfc3c61b65656bc3d6dd9a5cd1b48
12_Signals-and-Traps/08_Trap-inheritance.md	1	bash	68	84	15	NEUTRAL	RUNNABLE	1	5a29ea3fe2b306716659e8bfa44ee7a211ee4231
12_Signals-and-Traps/08_Trap-inheritance.md	2	bash	90	112	21	NEUTRAL	RUNNABLE	1	d769d34e2a66eb04c157d53248d7ade76df66ea3
12_Signals-and-Traps/09_Trap-reset-across-exec.md	1	bash	20	27	6	NEUTRAL	RUNNABLE	1	73d4b3c539cd36aad6b564c215739ae6c03d627d
12_Signals-and-Traps/10_Synchronous-vs-asynchronous-delivery.md	1	bash	19	29	9	NEUTRAL	RUNNABLE	1	a3640aeaa1d4a307710dba7de5fb219315207f26
12_Signals-and-Traps/10_Synchronous-vs-asynchronous-delivery.md	2	bash	60	80	19	NEUTRAL	DESTRUCTIVE	0	b8bd8fbae10ddea7c6c2951c3a2ee538eaad8857
12_Signals-and-Traps/11_Signal-safe-code.md	1	bash	50	76	25	NEUTRAL	RUNNABLE	0	ef9bc286695eeb48dece068a56b61f693bfb3024
12_Signals-and-Traps/11_Signal-safe-code.md	2	bash	122	130	7	NEUTRAL	DESTRUCTIVE	0	78fca479340493c1e47cacccc1b3c36e16e2cbe4
12_Signals-and-Traps/12_Idempotent-cleanup-patterns.md	1	bash	19	28	8	NEUTRAL	DESTRUCTIVE	0	68aefd90dc806fe2c77d445e458f616d8ae7221d
12_Signals-and-Traps/12_Idempotent-cleanup-patterns.md	2	bash	42	50	7	NEUTRAL	DESTRUCTIVE	0	84bfc2c854aaca442c6be77c1089ea6acc70440d
12_Signals-and-Traps/12_Idempotent-cleanup-patterns.md	3	bash	62	72	9	NEUTRAL	DESTRUCTIVE	0	2ae8c255da8fcf1447939169f49ca77850e882f3
12_Signals-and-Traps/13_Tempfile-and-tempdir-lifecycle.md	1	bash	9	13	3	NEUTRAL	DESTRUCTIVE	0	dca8e184567c34e650c557b9fab720185fe022f3
12_Signals-and-Traps/13_Tempfile-and-tempdir-lifecycle.md	2	bash	31	60	28	NEUTRAL	RUNNABLE	0	bb4c79f7c4c9d2381fe2d33052c35b1b3ebb80b7
12_Signals-and-Traps/14_Lockfile-pattern.md	1	bash	11	15	3	NEUTRAL	RUNNABLE	0	02e2c5d25e68c1839700b08a10d365859a4e08f2
12_Signals-and-Traps/14_Lockfile-pattern.md	2	bash	42	69	26	NEUTRAL	DESTRUCTIVE	0	29f300be0f51cfd3943d51cbcb9bc0b4a966785a
12_Signals-and-Traps/15_Atomic-file-write.md	1	bash	9	14	4	NEUTRAL	RUNNABLE	0	10d79bc1e5774d0007caa2db9904ee731c9b696d
12_Signals-and-Traps/15_Atomic-file-write.md	2	bash	33	40	6	NEUTRAL	RUNNABLE	1	fb4a81d3b503c49a263099864377d46fdc2d48cc
12_Signals-and-Traps/15_Atomic-file-write.md	3	bash	45	48	2	NEUTRAL	RUNNABLE	0	e27b57e0f6b6d7967465b7400c43dfc7c420b7fa
12_Signals-and-Traps/15_Atomic-file-write.md	4	bash	55	61	5	NEUTRAL	DESTRUCTIVE	0	77e1b4ab3f950438cd54e7a8697ce74332ab3e86
12_Signals-and-Traps/15_Atomic-file-write.md	5	bash	67	70	2	NEUTRAL	DESTRUCTIVE	0	ac9e90b53417362d88fe0ba08a1c084ae008ac70
12_Signals-and-Traps/16_Reload-on-SIGHUP.md	1	bash	9	16	6	NEUTRAL	RUNNABLE	0	dfca6d2fe0f74d1b9c7bd2645d637f808d0a0a6a
12_Signals-and-Traps/16_Reload-on-SIGHUP.md	2	bash	31	63	31	WRONG	ANTIPATTERN	0	3255b9b743278408167ad5346f842813c7b7eac5
13_Error-Handling-and-Exit-Status/01_Exit-status-fundamentals.md	1	bash	36	43	6	NEUTRAL	RUNNABLE	1	740cca9714c0e950c844f98d6d379137f31ec79f
13_Error-Handling-and-Exit-Status/01_Exit-status-fundamentals.md	2	bash	52	58	5	NEUTRAL	RUNNABLE	1	f057c28067b9afe48bc6c8177dfd4ee34b81b51b
13_Error-Handling-and-Exit-Status/02_set-e-errexit-full-semantics.md	1	bash	26	33	6	NEUTRAL	RUNNABLE	1	45c83296512f031a5bdca5b0700923b075c9bd35
13_Error-Handling-and-Exit-Status/02_set-e-errexit-full-semantics.md	2	bash	44	50	5	NEUTRAL	RUNNABLE	1	5adda577ed5e35a3c296a37bae29023f9f515e89
13_Error-Handling-and-Exit-Status/02_set-e-errexit-full-semantics.md	3	bash	84	94	9	NEUTRAL	RUNNABLE	0	146b9e2d23c058a4e1c2e5f2e5438b3788125a16
13_Error-Handling-and-Exit-Status/02_set-e-errexit-full-semantics.md	4	bash	110	121	10	NEUTRAL	RUNNABLE	0	fbcdfd25759f54c77b94950a1d2de76efe80dd71
13_Error-Handling-and-Exit-Status/03_The-errexit-exemption-matrix.md	1	bash	40	48	7	NEUTRAL	RUNNABLE	1	60584180d1b6a903c1cf78c39d70db94a240bed8
13_Error-Handling-and-Exit-Status/03_The-errexit-exemption-matrix.md	2	bash	55	66	10	NEUTRAL	RUNNABLE	0	552d79e550b754f875783f876523aa8b26a35fef
13_Error-Handling-and-Exit-Status/03_The-errexit-exemption-matrix.md	3	bash	72	79	6	NEUTRAL	RUNNABLE	1	18086a05b8a842803b3e283f7fb7ba5a765f7346
13_Error-Handling-and-Exit-Status/03_The-errexit-exemption-matrix.md	4	bash	86	94	7	NEUTRAL	RUNNABLE	1	a4b15df28cb612b94a3b2853a35428ef4e5bc026
13_Error-Handling-and-Exit-Status/03_The-errexit-exemption-matrix.md	5	bash	100	109	8	NEUTRAL	RUNNABLE	1	bcd0b91a2f646de8e732597f7d6b9c63988c657a
13_Error-Handling-and-Exit-Status/03_The-errexit-exemption-matrix.md	6	bash	115	126	10	NEUTRAL	RUNNABLE	1	7131e6407ce075dbcc6d194b0e7f1230bc0a6642
13_Error-Handling-and-Exit-Status/03_The-errexit-exemption-matrix.md	7	bash	133	139	5	NEUTRAL	RUNNABLE	1	2458992d5d439fcff6d1d2b4c8a7bb0bb41ed0ff
13_Error-Handling-and-Exit-Status/04_set-u-nounset.md	1	bash	18	31	12	NEUTRAL	RUNNABLE	1	9a65dea91a42b479777b699460bfb84f7b46f0c7
13_Error-Handling-and-Exit-Status/04_set-u-nounset.md	2	bash	70	89	18	NEUTRAL	RUNNABLE	1	bc6768f5ce485acedfb374915f5a26da8ec73bd0
13_Error-Handling-and-Exit-Status/04_set-u-nounset.md	3	bash	105	116	10	NEUTRAL	RUNNABLE	0	2c47f8be4f83bb09757b0a97dcb49cb51d9498b5
13_Error-Handling-and-Exit-Status/05_set-o-pipefail.md	1	bash	29	45	15	NEUTRAL	RUNNABLE	1	e1240cb7e6f8138a6a49eb6273308d04e93b896b
13_Error-Handling-and-Exit-Status/05_set-o-pipefail.md	2	bash	56	70	13	NEUTRAL	NETWORK	0	9a556a2fc184ba7808a933449575c29a9f4ef8b0
13_Error-Handling-and-Exit-Status/05_set-o-pipefail.md	3	bash	84	90	5	NEUTRAL	RUNNABLE	1	0545f4a5851fa2d7e84af7e4da9200af27216149
13_Error-Handling-and-Exit-Status/06_inherit_errexit.md	1	bash	28	39	10	WRONG	ANTIPATTERN	1	0d2768880bcb2327154857b99c1788a051404e38
13_Error-Handling-and-Exit-Status/06_inherit_errexit.md	2	bash	41	51	9	RIGHT	RUNNABLE	1	02fbf8d04b7fa1c775ffcaa73b839ecdc1303998
13_Error-Handling-and-Exit-Status/07_and-true-idioms.md	1	bash	18	22	3	NEUTRAL	RUNNABLE	0	88e301bfa50b63826b49797a923217a4764cf148
13_Error-Handling-and-Exit-Status/07_and-true-idioms.md	2	bash	38	52	13	NEUTRAL	RUNNABLE	1	8d2a39d85f5bb484767a5fa5ffe436afcc6757a2
13_Error-Handling-and-Exit-Status/07_and-true-idioms.md	3	bash	56	63	6	NEUTRAL	RUNNABLE	0	c91d0f807eb06d4100138bac32cd64f0132f412e
13_Error-Handling-and-Exit-Status/08_The-ERR-trap.md	1	bash	9	15	5	NEUTRAL	RUNNABLE	0	0a14f938336397e44569c19a59eba9c29f19ba56
13_Error-Handling-and-Exit-Status/08_The-ERR-trap.md	2	bash	45	53	7	NEUTRAL	RUNNABLE	1	7359fba6750e73c2677834580f47108009e4fb43
13_Error-Handling-and-Exit-Status/08_The-ERR-trap.md	3	bash	74	79	4	NEUTRAL	RUNNABLE	0	a2d4bdc104925f06a0578f7eda63a120e898a862
13_Error-Handling-and-Exit-Status/09_errtrace-and-trap-inheritance.md	1	bash	16	20	3	NEUTRAL	RUNNABLE	0	fea32075ab33e20b922ede201874726d18bc188c
13_Error-Handling-and-Exit-Status/09_errtrace-and-trap-inheritance.md	2	bash	52	64	11	NEUTRAL	RUNNABLE	1	0bbb22c06cfcf81823a6fb2e673cbf633d3e9a97
13_Error-Handling-and-Exit-Status/09_errtrace-and-trap-inheritance.md	3	bash	98	114	15	NEUTRAL	RUNNABLE	1	10746c46c6ea1c43e8ee4bb1f9e5b0ca0a113ee8
13_Error-Handling-and-Exit-Status/10_Exit-code-conventions.md	1	bash	67	72	4	NEUTRAL	RUNNABLE	0	33d97f7a27b963b3e5948555f10fb34a1bda1853
13_Error-Handling-and-Exit-Status/11_Propagating-exit-codes.md	1	bash	41	53	11	WRONG	ANTIPATTERN	1	4ccdf17f3d5c69ac6a5450e9ad7f808ca0b58474
13_Error-Handling-and-Exit-Status/11_Propagating-exit-codes.md	2	bash	65	77	11	RIGHT	RUNNABLE	1	da414b480385512f69b7fb49c297f7d0cd5124db
13_Error-Handling-and-Exit-Status/11_Propagating-exit-codes.md	3	bash	93	108	14	NEUTRAL	RUNNABLE	0	5547822dd4969579d45230bc1df18a1e918b831f
13_Error-Handling-and-Exit-Status/11_Propagating-exit-codes.md	4	bash	122	133	10	NEUTRAL	NETWORK	0	5fb5739b443c59abd9f97c2c5d5e4385036c1693
13_Error-Handling-and-Exit-Status/11_Propagating-exit-codes.md	5	bash	154	165	10	NEUTRAL	RUNNABLE	0	e4346646bd4739e729f54239f78140eb4b393be6
13_Error-Handling-and-Exit-Status/11_Propagating-exit-codes.md	6	bash	172	174	1	NEUTRAL	RUNNABLE	0	1a735932f01a82c86cd15edf89f2a31a1077fd88
13_Error-Handling-and-Exit-Status/12_Rich-error-output.md	1	bash	13	28	14	NEUTRAL	RUNNABLE	0	7fd7dff5a774e1444bb39e8d72f315ac9b03e082
13_Error-Handling-and-Exit-Status/12_Rich-error-output.md	2	bash	45	57	11	NEUTRAL	RUNNABLE	0	6fb4c6db739e2f13121dad1ea8d6cd0292ee6fba
13_Error-Handling-and-Exit-Status/12_Rich-error-output.md	3	bash	66	84	17	NEUTRAL	RUNNABLE	0	4baa0e785dc75a6ed299b7cd49d80b1166269bb5
13_Error-Handling-and-Exit-Status/12_Rich-error-output.md	4	bash	91	97	5	NEUTRAL	RUNNABLE	0	830811aae0f1a2b3f79c1e25029589d7f58d73c0
14_Input-Output-and-Messaging/01_Standard-streams-discipline.md	1	bash	23	34	10	WRONG	ANTIPATTERN	0	b7d635b83ed5fec7b9901cc9955ef2eb3d8d2ba3
14_Input-Output-and-Messaging/01_Standard-streams-discipline.md	2	text	40	46	5	NEUTRAL	FRAGMENT	1	f2482064d057c9fb6d025694cf530cde1c277399
14_Input-Output-and-Messaging/01_Standard-streams-discipline.md	3	bash	54	62	7	RIGHT	RUNNABLE	0	bdeb72e3c28b392b1f78ded5bec02336181c5b6b
14_Input-Output-and-Messaging/01_Standard-streams-discipline.md	4	text	64	69	4	NEUTRAL	FRAGMENT	1	e4f791398a3801af6a6ff82decb5c49824ef9eea
14_Input-Output-and-Messaging/02_The-read-builtin.md	1	bash	36	41	4	NEUTRAL	NEEDS_INPUT	0	a261f69936f8dc2c3b250b8d35121956969bbdc0
14_Input-Output-and-Messaging/02_The-read-builtin.md	2	bash	61	74	12	NEUTRAL	NEEDS_INPUT	1	f2f96e28a2e53834d178d95e29ebcb323391f106
14_Input-Output-and-Messaging/02_The-read-builtin.md	3	bash	84	89	4	NEUTRAL	NEEDS_INPUT	0	508291f736e3b733c15e977f2674aaa5f0425ca0
14_Input-Output-and-Messaging/03_mapfile-readarray.md	1	bash	22	27	4	NEUTRAL	RUNNABLE	0	be34f6bd04efccbb1b871a93115312b7ce82d5a0
14_Input-Output-and-Messaging/03_mapfile-readarray.md	2	bash	38	43	4	NEUTRAL	RUNNABLE	0	b0872ea5b1d345bede5e382549c8858264e12ddf
14_Input-Output-and-Messaging/04_The-printf-builtin.md	1	bash	27	32	4	NEUTRAL	RUNNABLE	1	1f8948bd642b28d1040a15ab346cb93d4064c3d4
14_Input-Output-and-Messaging/04_The-printf-builtin.md	2	bash	44	51	6	NEUTRAL	RUNNABLE	1	0deca2559314f0c4153c876f94d6faf84f2a4342
14_Input-Output-and-Messaging/05_printf-vs-echo.md	1	bash	19	36	16	MIXED	RUNNABLE	1	c956804277ffe42b4f4c107bcb2bd04d09a1b399
14_Input-Output-and-Messaging/07_Logging-discipline.md	1	bash	15	38	22	NEUTRAL	RUNNABLE	0	937f1106f9169929f0a2b6ad98c1103abe0ee6a5
14_Input-Output-and-Messaging/07_Logging-discipline.md	2	bash	55	63	7	NEUTRAL	RUNNABLE	0	aad6a31e7947c7089578e8de560647de0525c7f9
14_Input-Output-and-Messaging/07_Logging-discipline.md	3	bash	82	92	9	NEUTRAL	RUNNABLE	0	e102564b35fef3f2c875fabac802daab08b31455
14_Input-Output-and-Messaging/07_Logging-discipline.md	4	bash	99	102	2	NEUTRAL	RUNNABLE	0	eb3f22019d54f18dbd8d8ab71d3bdece71789e4c
14_Input-Output-and-Messaging/07_Logging-discipline.md	5	bash	117	123	5	NEUTRAL	RUNNABLE	0	85e08df936d932cb240afb7b7947a997f8689e82
14_Input-Output-and-Messaging/07_Logging-discipline.md	6	bash	132	147	14	MIXED	RUNNABLE	0	9bdc4bc0e4e4ef28c0cface23f96e5a4a6e9fc8c
14_Input-Output-and-Messaging/08_Log-levels.md	1	bash	38	53	14	NEUTRAL	NETWORK	1	02e81acb79ac6bb8435806f0a8622b21ac8ed955
14_Input-Output-and-Messaging/09_Coloured-output-and-TERM-detection.md	1	bash	12	23	10	NEUTRAL	RUNNABLE	0	6d91e758272ae315b2ce6f078bcaf0af3f906f08
14_Input-Output-and-Messaging/09_Coloured-output-and-TERM-detection.md	2	bash	45	51	5	NEUTRAL	INTERACTIVE	0	e2ccbc12d64a54fd1ae66dbfff64ef155a894879
14_Input-Output-and-Messaging/09_Coloured-output-and-TERM-detection.md	3	bash	72	79	6	NEUTRAL	RUNNABLE	0	c26d8c3b82b121f1e639b17d8dc49a88aad8d52e
14_Input-Output-and-Messaging/09_Coloured-output-and-TERM-detection.md	4	bash	89	95	5	NEUTRAL	RUNNABLE	0	b83f78314303b305f9fd1f73aacf41b4d843e2d3
14_Input-Output-and-Messaging/10_Progress-indicators.md	1	bash	13	20	6	NEUTRAL	RUNNABLE	0	3cca40e90e523b636aa14972f12d01239862cc9f
14_Input-Output-and-Messaging/10_Progress-indicators.md	2	bash	27	41	13	NEUTRAL	DESTRUCTIVE	0	830d46eb54d5fdb96bee752e7b71d213aae31e68
14_Input-Output-and-Messaging/10_Progress-indicators.md	3	bash	49	64	14	NEUTRAL	NEEDS_INPUT	0	36d5d5e23addc010f0de2c414e1e179120431cc6
14_Input-Output-and-Messaging/11_Reading-binary-data.md	1	bash	22	32	9	NEUTRAL	RUNNABLE	0	de3da24423dcbf00b288194b95af60d3014ab1d7
14_Input-Output-and-Messaging/11_Reading-binary-data.md	2	bash	49	54	4	NEUTRAL	DESTRUCTIVE	1	52534dc20c4c893072df9d6a19e4d3c4bb3bd8b2
14_Input-Output-and-Messaging/12_File-locking-for-concurrent-writes.md	1	bash	17	23	5	NEUTRAL	RUNNABLE	1	d251a6b9345e068ca96ee36e86ead557a8063681
14_Input-Output-and-Messaging/12_File-locking-for-concurrent-writes.md	2	bash	36	45	8	NEUTRAL	RUNNABLE	1	b14f8ec8929068063e3b8cb7521fbfac40a3ba2b
14_Input-Output-and-Messaging/12_File-locking-for-concurrent-writes.md	3	bash	55	61	5	NEUTRAL	RUNNABLE	0	dd1f27cc42c513787c945515ccd3debdb1b30cd9
15_Command-Line-Processing/01_CLI-conventions.md	1	bash	38	45	6	NEUTRAL	RUNNABLE	0	d523ea11f54c2139bb8bbdec9d82f149ce1c69c9
15_Command-Line-Processing/01_CLI-conventions.md	2	bash	63	66	2	RIGHT	RUNNABLE	0	660546d10b265ba142bcf90691d3e696fcdd7676
15_Command-Line-Processing/02_getopts-builtin.md	1	bash	38	56	17	NEUTRAL	RUNNABLE	0	d9ef12cc69a6ad960324b4139515eeb7461739ff
15_Command-Line-Processing/02_getopts-builtin.md	2	bash	76	90	13	NEUTRAL	RUNNABLE	0	41830fcd822ee670573328c3fcfa52b757a02c8e
15_Command-Line-Processing/02_getopts-builtin.md	3	bash	103	108	4	NEUTRAL	RUNNABLE	0	3d6fe4cdd4fec53beffb8ee1bf664cdfd783ac12
15_Command-Line-Processing/03_GNU-getopt1-external.md	1	bash	10	24	13	NEUTRAL	RUNNABLE	0	651ded47a284de665bc8d738eda2985ead9513ef
15_Command-Line-Processing/03_GNU-getopt1-external.md	2	bash	36	41	4	NEUTRAL	RUNNABLE	0	dce8b91dfbd8dd6f323a98fe0b3e3fc4e8c47516
15_Command-Line-Processing/04_Hand-rolled-while-case-shift.md	1	bash	8	26	17	NEUTRAL	RUNNABLE	0	3d1e6970297366da669c041a4242d1d4c301a583
15_Command-Line-Processing/04_Hand-rolled-while-case-shift.md	2	bash	50	57	6	NEUTRAL	RUNNABLE	0	2d462361750b9af83d7f16fd6f526245eeb2c000
15_Command-Line-Processing/04_Hand-rolled-while-case-shift.md	3	bash	73	77	3	NEUTRAL	RUNNABLE	0	e5fbcc2b9abd1e49875ec260e8d089d1b4cdb5c1
15_Command-Line-Processing/05_Long-options.md	1	bash	13	33	19	NEUTRAL	RUNNABLE	0	1d63387584ab2d239016d77ccb453c4504d71a92
15_Command-Line-Processing/05_Long-options.md	2	bash	44	47	2	NEUTRAL	RUNNABLE	0	d9e8b7293ab4e14a372171272bcf47b56db0d4e8
15_Command-Line-Processing/05_Long-options.md	3	text	63	66	2	NEUTRAL	FRAGMENT	0	7cad286195ef26314eb99e659048134fd9febda3
15_Command-Line-Processing/06_Bundled-short-options.md	1	bash	10	12	1	NEUTRAL	RUNNABLE	0	bda68125f982ccf226526a769728513bfff5a6b0
15_Command-Line-Processing/06_Bundled-short-options.md	2	bash	30	45	14	NEUTRAL	RUNNABLE	0	e54b23ca8a53cc1b228f6ed7a9fb1bddf928696f
15_Command-Line-Processing/06_Bundled-short-options.md	3	bash	57	66	8	MIXED	RUNNABLE	0	c65917345d0794ff88e1928e8d1c86abb0e1c222
15_Command-Line-Processing/07_end-of-options.md	1	bash	11	13	1	NEUTRAL	RUNNABLE	0	eaec3e8f76fa56f1d160acfa00bb1f058113e6eb
15_Command-Line-Processing/07_end-of-options.md	2	bash	20	27	6	NEUTRAL	RUNNABLE	0	1e6f6c5d4732826b457aa02558122e26d9a52ee7
15_Command-Line-Processing/07_end-of-options.md	3	bash	38	42	3	NEUTRAL	NETWORK	0	83e234f9e3434dc1f6174f206952f47d0b06a8c9
15_Command-Line-Processing/08_Subcommand-dispatch.md	1	bash	9	21	11	NEUTRAL	RUNNABLE	0	c679923e9b9bafb45a0f518611baccc38fb0bf47
15_Command-Line-Processing/08_Subcommand-dispatch.md	2	bash	34	54	19	NEUTRAL	RUNNABLE	0	5e7ac58e6ae07e2e7f5f8c5a9474e7bc813e4e15
15_Command-Line-Processing/08_Subcommand-dispatch.md	3	bash	77	87	9	NEUTRAL	RUNNABLE	0	ec14abfe3e9b3834366b75c52f40a18f8a8a6108
15_Command-Line-Processing/09_Help-text-conventions.md	1	bash	25	70	44	NEUTRAL	NETWORK	0	b22d5cfd85ca83c32a206f4a986e222bb1db925d
15_Command-Line-Processing/09_Help-text-conventions.md	2	text	87	95	7	NEUTRAL	FRAGMENT	0	8c79500690d932235926db9953b2ab0de2e9919b
15_Command-Line-Processing/11_Auto-generating-usage.md	1	bash	17	63	45	NEUTRAL	RUNNABLE	0	7128da1a95c77c0e993f0d80cddd7a33c029433e
15_Command-Line-Processing/11_Auto-generating-usage.md	2	bash	67	73	5	NEUTRAL	RUNNABLE	0	cd6be2d62a8c30cff221627a025e4d4acba368de
15_Command-Line-Processing/11_Auto-generating-usage.md	3	bash	82	132	49	NEUTRAL	RUNNABLE	0	69024b039913b0e0b2bbabf38327a1ad9bde230d
16_Concurrency-and-Parallelism/01_Sequential-vs-background-execution.md	1	bash	27	38	10	NEUTRAL	RUNNABLE	0	0318c08bf0368219622272fc73690750f5fa5706
16_Concurrency-and-Parallelism/01_Sequential-vs-background-execution.md	2	bash	50	62	11	NEUTRAL	RUNNABLE	0	fac465a2c1b6f080768fb62fa875c61c29845051
16_Concurrency-and-Parallelism/02_wait-and-wait-n.md	1	bash	37	50	12	NEUTRAL	RUNNABLE	0	c5f13c31987aa199ce6d81f777745e29ad8b2d9f
16_Concurrency-and-Parallelism/02_wait-and-wait-n.md	2	bash	63	69	5	NEUTRAL	RUNNABLE	0	ca91d02159c0fc3774d2cc1c3cffd11bb985b11d
16_Concurrency-and-Parallelism/03_wait-pid-for-specific-child.md	1	bash	6	11	4	NEUTRAL	RUNNABLE	0	152bdb03fd918ef6ed6e2a39800fb26961b63c3f
16_Concurrency-and-Parallelism/04_Capturing-per-child-exit-status.md	1	bash	10	35	24	NEUTRAL	RUNNABLE	0	6d28322a1ee5e5f19aef028f78298dc9f47b2e81
16_Concurrency-and-Parallelism/04_Capturing-per-child-exit-status.md	2	bash	40	50	9	NEUTRAL	RUNNABLE	1	8745c8b13b66f0b755766621dbb09f013f47710a
16_Concurrency-and-Parallelism/04_Capturing-per-child-exit-status.md	3	bash	71	95	23	NEUTRAL	DESTRUCTIVE	0	1c257e239c8ffa7d109f0647a9d6ea9eb5b1d753
16_Concurrency-and-Parallelism/05_Bounded-concurrency-fan-out.md	1	bash	10	31	20	NEUTRAL	RUNNABLE	0	ef4acfe75fe072625ed9e40775487e36a8527828
16_Concurrency-and-Parallelism/05_Bounded-concurrency-fan-out.md	2	bash	43	48	4	WRONG	ANTIPATTERN	0	561be10bed244d2310cc9f1c15b8c71f12c0a0a5
16_Concurrency-and-Parallelism/05_Bounded-concurrency-fan-out.md	3	bash	61	77	15	NEUTRAL	DESTRUCTIVE	0	33a001e09ba5ea3da72636cda5c8aa99d199513f
16_Concurrency-and-Parallelism/05_Bounded-concurrency-fan-out.md	4	bash	86	88	1	NEUTRAL	RUNNABLE	0	d2d04c572b401c604fde2533dd504cd6c1667103
16_Concurrency-and-Parallelism/06_The-job-table-under-concurrency.md	1	bash	21	33	11	NEUTRAL	RUNNABLE	0	1895ae175d0376e773673b832892324323c19809
16_Concurrency-and-Parallelism/06_The-job-table-under-concurrency.md	2	bash	48	53	4	NEUTRAL	RUNNABLE	0	556c64bac4c97510d6c644472730adda215019d0
16_Concurrency-and-Parallelism/06_The-job-table-under-concurrency.md	3	bash	64	69	4	NEUTRAL	RUNNABLE	0	a27fc51a0397fa3f803507fbce8a3b338bfd09a9
16_Concurrency-and-Parallelism/07_xargs-P.md	1	bash	22	26	3	NEUTRAL	RUNNABLE	0	18dd124f5dc58a29f65c64c8858dda206c899f9d
16_Concurrency-and-Parallelism/07_xargs-P.md	2	bash	43	47	3	NEUTRAL	RUNNABLE	0	e0c7621b4a1568af774fb943204888e1114cf6fa
16_Concurrency-and-Parallelism/07_xargs-P.md	3	bash	65	69	3	NEUTRAL	RUNNABLE	0	1a6c1adc2332b7a153b1a82f3acd160607d4303f
16_Concurrency-and-Parallelism/08_GNU-parallel.md	1	bash	23	29	5	NEUTRAL	DESTRUCTIVE	0	0c0b16dac50e602acb10cdce9f89616991faa37a
16_Concurrency-and-Parallelism/08_GNU-parallel.md	2	bash	41	48	6	NEUTRAL	RUNNABLE	0	1a256241c147ac37471137d0664c0c764587b5b0
16_Concurrency-and-Parallelism/08_GNU-parallel.md	3	text	54	56	1	NEUTRAL	FRAGMENT	0	dcc863cb787ca47a25a57ada30ae2d8c74c17114
16_Concurrency-and-Parallelism/09_Race-conditions-in-shell.md	1	text	14	21	6	NEUTRAL	FRAGMENT	0	35dd54c706e972a02c7e77e136f394b2575294e1
16_Concurrency-and-Parallelism/09_Race-conditions-in-shell.md	2	bash	28	37	8	MIXED	DESTRUCTIVE	1	78282738e8dd99b469f9e0228f9cda8e128d9121
16_Concurrency-and-Parallelism/09_Race-conditions-in-shell.md	3	bash	42	48	5	RIGHT	RUNNABLE	1	64e32f2bbceb3c0816ed1889893c8a035bcf33f2
16_Concurrency-and-Parallelism/09_Race-conditions-in-shell.md	4	bash	57	67	9	MIXED	RUNNABLE	1	3e672def00caedbd8a0fe38b9c94ba278b0353ef
16_Concurrency-and-Parallelism/09_Race-conditions-in-shell.md	5	bash	75	83	7	MIXED	RUNNABLE	1	360ebe867a122ba51bb651eb0f13626d1e83d4e4
16_Concurrency-and-Parallelism/09_Race-conditions-in-shell.md	6	bash	118	126	7	WRONG	ANTIPATTERN	1	13a11f39e53ecc7ce953981fe730e77b8025ade9
16_Concurrency-and-Parallelism/10_Locking-primitives.md	1	bash	19	33	13	NEUTRAL	RUNNABLE	1	a0c6e1ac7d76041c47d0d4befa267c12a7d4c36d
16_Concurrency-and-Parallelism/10_Locking-primitives.md	2	bash	38	42	3	NEUTRAL	RUNNABLE	0	48b5b27543dd03c8c80e855913c0728b54b7046b
16_Concurrency-and-Parallelism/10_Locking-primitives.md	3	bash	51	66	14	NEUTRAL	RUNNABLE	1	ce76992aea6dfeb1a7995956e513e60a979bb730
16_Concurrency-and-Parallelism/10_Locking-primitives.md	4	bash	78	96	17	NEUTRAL	DESTRUCTIVE	0	beb8b3ea3e7ab58606c69c922277f5a89e79a4ed
16_Concurrency-and-Parallelism/11_Signal-handling-under-concurrency.md	1	bash	15	45	29	NEUTRAL	DESTRUCTIVE	1	52388a67f00746351e8a2317e996734ba4d9a4c3
16_Concurrency-and-Parallelism/11_Signal-handling-under-concurrency.md	2	bash	65	73	7	NEUTRAL	DESTRUCTIVE	0	16c7201a63869d00436ce2d9f7841f0d5a64a393
16_Concurrency-and-Parallelism/11_Signal-handling-under-concurrency.md	3	bash	80	84	3	NEUTRAL	DESTRUCTIVE	1	8433babe11425db66e3f1518313687cc061ed92e
16_Concurrency-and-Parallelism/11_Signal-handling-under-concurrency.md	4	bash	114	119	4	NEUTRAL	DESTRUCTIVE	1	12fcd18f71fbe2849151fd4a3b0b8c50541dbc25
16_Concurrency-and-Parallelism/12_Queue-patterns.md	1	bash	15	38	22	NEUTRAL	NEEDS_INPUT	0	a7cf726fc6e9db240f844d680b2356bca35e0f07
16_Concurrency-and-Parallelism/12_Queue-patterns.md	2	bash	50	77	26	NEUTRAL	DESTRUCTIVE	0	a6731a62bc01d55b65f58297b1d49b3a54c0a170
16_Concurrency-and-Parallelism/12_Queue-patterns.md	3	bash	91	96	4	NEUTRAL	NEEDS_INPUT	0	b5623e4902de423eb367ac9c8540d4430bb9d2c2
17_Coprocesses-and-IPC/01_The-coproc-builtin.md	1	bash	35	48	12	NEUTRAL	NEEDS_INPUT	1	ff67b6e9a5ad8ef25b22777310262d4e4ee90df1
17_Coprocesses-and-IPC/02_Bidirectional-fd-pairs.md	1	bash	10	27	16	NEUTRAL	NEEDS_INPUT	1	d6719f4b13b8b6441874df8038c008b482af0043
17_Coprocesses-and-IPC/02_Bidirectional-fd-pairs.md	2	bash	45	50	4	WRONG	ANTIPATTERN	0	50207d25ebc74a528581b19e2ce0c3d7dc8722c2
17_Coprocesses-and-IPC/02_Bidirectional-fd-pairs.md	3	bash	55	61	5	RIGHT	NEEDS_INPUT	1	c888204aad730a8ab6fc54322fd976821f22aa8f
17_Coprocesses-and-IPC/03_Multiple-coprocesses.md	1	bash	10	24	13	NEUTRAL	NEEDS_INPUT	1	deceb5b1873f3f241de00afc5b19cd0d71485c92
17_Coprocesses-and-IPC/03_Multiple-coprocesses.md	2	bash	32	42	9	NEUTRAL	NEEDS_INPUT	0	bd321a6c33dbb5b8851279b111477fbbbbf20be7
17_Coprocesses-and-IPC/03_Multiple-coprocesses.md	3	bash	52	62	9	MIXED	NEEDS_INPUT	0	cea5179f6be56dac9f92a133fbe8677b4c60a7d7
17_Coprocesses-and-IPC/04_Named-pipes-FIFOs.md	1	bash	24	45	20	NEUTRAL	DESTRUCTIVE	0	8511b9417c5236149044360603af70726b81b0e2
17_Coprocesses-and-IPC/04_Named-pipes-FIFOs.md	2	bash	59	71	11	NEUTRAL	NEEDS_INPUT	1	e3b158d40d64179d09fdc97ae0a98e4ddb4d2f17
17_Coprocesses-and-IPC/05_Anonymous-pipes.md	1	bash	24	33	8	NEUTRAL	RUNNABLE	0	ffe0630361fea5f1ea69d3c9da7503b235851db9
17_Coprocesses-and-IPC/05_Anonymous-pipes.md	2	bash	45	49	3	NEUTRAL	RUNNABLE	0	b46c96421d9c86b2d297c22c8eb57160b0833052
17_Coprocesses-and-IPC/05_Anonymous-pipes.md	3	bash	55	58	2	NEUTRAL	DESTRUCTIVE	0	4e8514c57aaa2e4e3d138bdf2139ef5fae3a2ea5
17_Coprocesses-and-IPC/05_Anonymous-pipes.md	4	bash	70	79	8	NEUTRAL	NEEDS_INPUT	1	895c02bddaa6ececd48c6c4b7972f8e36c192b7b
17_Coprocesses-and-IPC/06_devtcp-and-devudp.md	1	bash	25	52	26	NEUTRAL	NEEDS_INPUT	1	1334b78cc23ed070f8c24d37e5c6d64745de4632
17_Coprocesses-and-IPC/06_devtcp-and-devudp.md	2	bash	67	77	9	NEUTRAL	NEEDS_INPUT	0	11c02a48f41cf6133f2fcf86451a801ac6d3eea4
17_Coprocesses-and-IPC/07_devshm-shared-memory.md	1	bash	25	29	3	NEUTRAL	RUNNABLE	0	4143e48b9b0e51032585224ab3393becc804080a
17_Coprocesses-and-IPC/07_devshm-shared-memory.md	2	bash	36	47	10	NEUTRAL	DESTRUCTIVE	0	e409a8ebcb45bd9665809e23e377fff53e8ec431
17_Coprocesses-and-IPC/07_devshm-shared-memory.md	3	bash	57	67	9	RIGHT	RUNNABLE	1	c76f8111ccf47a825ff3595331ef9b8db2a85577
17_Coprocesses-and-IPC/07_devshm-shared-memory.md	4	bash	81	92	10	MIXED	DESTRUCTIVE	1	8706d78a50a79bc7b1b5529e7d1db7b4c07df918
17_Coprocesses-and-IPC/07_devshm-shared-memory.md	5	bash	100	103	2	NEUTRAL	DESTRUCTIVE	0	b9a169906eadc31e3333bc0b426dadfa4d2900ea
18_Readline-History-and-Completion/03_Key-bindings.md	1	text	15	27	11	NEUTRAL	FRAGMENT	0	28a9ed048a8479e6f1f97187786bfd6412cf70b8
18_Readline-History-and-Completion/08_Programmable-completion.md	1	bash	13	24	10	NEUTRAL	INTERACTIVE	0	72904ae7605638d2921147abf8313ab53ff4192d
18_Readline-History-and-Completion/10__init_completion.md	1	bash	12	23	10	NEUTRAL	INTERACTIVE	0	6811928afdfeb901a7d382bab320cf1a03e5db67
18_Readline-History-and-Completion/11_Dynamic-completion-functions.md	1	bash	6	19	12	NEUTRAL	INTERACTIVE	0	adab16d7afc0b632aff90bbedb063c020a2e184d
18_Readline-History-and-Completion/15_Coloured-and-multi-line-prompts.md	1	bash	12	15	2	NEUTRAL	RUNNABLE	0	ffa28ed55574cacf8bf6873aab27cd25e76d2e28
18_Readline-History-and-Completion/16_Terminal-capability-detection.md	1	bash	15	23	7	NEUTRAL	INTERACTIVE	0	b675c1c785b9b1ff07f14a816407a597f574aa06
19_Performance/01_The-Bash-cost-model.md	1	bash	19	34	14	NEUTRAL	RUNNABLE	1	6d53901586fad8047b311b7b651a66fe74905b6b
19_Performance/02_Profiling-tools.md	1	bash	14	31	16	NEUTRAL	RUNNABLE	0	32606e478fe1542cfb183fd553ccd49ff9b26ff3
19_Performance/03_time-builtin-vs-time-external.md	1	bash	12	17	4	NEUTRAL	RUNNABLE	1	fef4dcaa6d27b50fd813837bce400954a1a705a9
19_Performance/03_time-builtin-vs-time-external.md	2	text	19	29	9	NEUTRAL	FRAGMENT	0	500d8ec53887e9e8aae1be4a3cbf156cba489433
19_Performance/04_BASH_XTRACEFD.md	1	bash	11	33	21	NEUTRAL	RUNNABLE	0	96866e313d26954e11c8a69db647034831ae0762
19_Performance/06_EPOCHREALTIME-for-sub-second-timing.md	1	bash	10	21	10	NEUTRAL	RUNNABLE	1	7fd16294320018e0c21679787d14ed6a04309c46
19_Performance/06_EPOCHREALTIME-for-sub-second-timing.md	2	bash	28	31	2	WRONG	ANTIPATTERN	0	482abbb206b8ecc7891f99e9afaf0759950b7ec3
19_Performance/09_Pipes-vs-redirection.md	1	bash	11	17	5	MIXED	RUNNABLE	0	b4fa7310dbb5e51905e8fcfbd7145d305dec9703
19_Performance/09_Pipes-vs-redirection.md	2	bash	19	24	4	RIGHT	RUNNABLE	1	690ed1242dfc6e32ddf3cea4128b8d0a87fe518f
19_Performance/11_Bash-5.3-no-fork-command-substitution.md	1	bash	13	26	12	NEUTRAL	RUNNABLE	1	339377c2a79fa5151148bedbe18488b0acea7dd3
19_Performance/12_Memory-considerations.md	1	bash	18	25	6	MIXED	RUNNABLE	0	9b7117139621dbb97b636f97c28778b4889ad263
20_Security/01_Threat-model.md	1	bash	18	22	3	NEUTRAL	DESTRUCTIVE	1	5405b618777843a9244a96128bf3bb8bc4d3f237
20_Security/01_Threat-model.md	2	bash	28	31	2	NEUTRAL	RUNNABLE	1	9d02505e5908f221453e1f83267a06c2e9713622
20_Security/01_Threat-model.md	3	bash	36	39	2	NEUTRAL	RUNNABLE	1	dcd478a8e9d6e338e76d3db898ef9565e8720c96
20_Security/01_Threat-model.md	4	bash	45	48	2	NEUTRAL	RUNNABLE	1	c8ee14a56690961d34a46866c68a6c624e6da0d5
20_Security/01_Threat-model.md	5	bash	55	58	2	NEUTRAL	RUNNABLE	1	76e7dd3aef43429235619d469b7866715f184702
20_Security/01_Threat-model.md	6	bash	64	67	2	NEUTRAL	RUNNABLE	1	1aef97cae21e6f1262c58bbe4bffa47280255203
20_Security/01_Threat-model.md	7	bash	74	77	2	NEUTRAL	DESTRUCTIVE	1	6724ba92483758ede4d6970484f0506eb6a00262
20_Security/01_Threat-model.md	8	bash	83	86	2	NEUTRAL	RUNNABLE	1	351e405d3d19c3c9240bc487672304c19fa5298e
20_Security/02_PATH-hardening.md	1	bash	6	8	1	NEUTRAL	RUNNABLE	0	1da1b5899a5bbdf910aed376ceee32236a02f335
20_Security/02_PATH-hardening.md	2	bash	21	30	8	WRONG	ANTIPATTERN	1	e73a23c1cebffcb9ebfd1dc58dcecb035fdbbb29
20_Security/03_IFS-reset.md	1	bash	6	8	1	NEUTRAL	RUNNABLE	0	8d5ef13a33dd652647960fb2d99f5e2de4203090
20_Security/03_IFS-reset.md	2	bash	14	29	14	RIGHT	RUNNABLE	1	6b34fbd5e42652ad44001bc522dc227f2fe74bca
20_Security/03_IFS-reset.md	3	bash	33	42	8	NEUTRAL	RUNNABLE	0	438ba9f35cab896449faf6e54f4fdedbee68f6e4
20_Security/03_IFS-reset.md	4	bash	47	54	6	NEUTRAL	RUNNABLE	0	ce552457d4eb247c337a9f7d7f30eb25e53a7f85
20_Security/04_eval-avoidance.md	1	bash	13	20	6	WRONG	ANTIPATTERN	1	403f2f524b27115f6192979f169d81ce3f505036
20_Security/04_eval-avoidance.md	2	bash	26	33	6	NEUTRAL	RUNNABLE	1	c0cf138ab4748272d28c4cf6cb6da1f93a0af466
20_Security/04_eval-avoidance.md	3	bash	43	48	4	NEUTRAL	RUNNABLE	1	fac0da4c33de9e81508d07a972a7cd554acd18f2
20_Security/04_eval-avoidance.md	4	bash	63	66	2	NEUTRAL	RUNNABLE	0	786f6d7769c82d71d200a4c51800bdd1a922ea6e
20_Security/04_eval-avoidance.md	5	bash	74	82	7	MIXED	NEEDS_INPUT	1	5772095a92a1d436f81d131ffcbe57d52e9a07da
20_Security/04_eval-avoidance.md	6	bash	92	95	2	NEUTRAL	RUNNABLE	0	0b8760101e3fa2cb8c5dc8664f139a80a4c4b077
20_Security/04_eval-avoidance.md	7	bash	111	115	3	NEUTRAL	RUNNABLE	1	40d1ba78e8546f1f49be87ddbf3d5dbc9f2a038f
20_Security/05_Command-injection-vectors.md	1	bash	12	18	5	WRONG	ANTIPATTERN	1	bda8b5dfeaa3fb3ba1ab6b4ac5661c48c2325ed1
20_Security/05_Command-injection-vectors.md	2	bash	24	27	2	NEUTRAL	RUNNABLE	1	0488b024c6136ee6ad60230f967fc4369b0cdfe8
20_Security/05_Command-injection-vectors.md	3	bash	35	41	5	WRONG	ANTIPATTERN	1	eaf5374a3e7a965147a0c2f00041bd40f685a3f8
20_Security/05_Command-injection-vectors.md	4	bash	47	54	6	NEUTRAL	RUNNABLE	1	26d83b83e05ad9dc8c0f4cc11be3bf0a79825266
20_Security/05_Command-injection-vectors.md	5	bash	61	66	4	WRONG	ANTIPATTERN	1	f962379ae21d84d05c10f2e8ad6699630b9fdab3
20_Security/05_Command-injection-vectors.md	6	bash	71	77	5	NEUTRAL	RUNNABLE	1	215703e5770510971d5d0af9ec1e4848a09f991c
20_Security/05_Command-injection-vectors.md	7	bash	86	93	6	MIXED	NETWORK	1	dd50da5995925a3af181821fdedbb220a174a9b3
20_Security/05_Command-injection-vectors.md	8	bash	102	111	8	NEUTRAL	NETWORK	0	3ae2d50e133c52ece876969716c2044d73c648d1
20_Security/06_Input-validation.md	1	bash	15	34	18	NEUTRAL	RUNNABLE	0	3b5f4bc09f47048ffd64e6bbabd4efc2b266a29c
20_Security/06_Input-validation.md	2	bash	46	54	7	NEUTRAL	RUNNABLE	0	cd644e62ad12bdaa0cff9f3b72885a0823f93482
20_Security/06_Input-validation.md	3	bash	65	72	6	NEUTRAL	RUNNABLE	0	c3ca2f82f392051365050f384e64c11449e7dff8
20_Security/06_Input-validation.md	4	bash	87	91	3	NEUTRAL	RUNNABLE	0	3a8cdfaff641d92bb11c3d884966b89158c4c0fe
20_Security/06_Input-validation.md	5	bash	102	106	3	NEUTRAL	RUNNABLE	0	4c025386a6904bba2240d9aa760cf0c8668cd9f7
20_Security/07_Quoting-under-set-u.md	1	bash	12	40	27	RIGHT	RUNNABLE	0	5260b09a92a3df60b2aa884f5c2d635a2ad7de74
20_Security/08_SUID-restrictions.md	1	sudoers	21	28	6	NEUTRAL	FRAGMENT	0	54a2df370bc334e8c5e55454c6bc3508953c0e83
20_Security/08_SUID-restrictions.md	2	bash	38	41	2	NEUTRAL	DESTRUCTIVE	1	73950d31043ff467a51385fa4edb2a7bfcaac96c
20_Security/08_SUID-restrictions.md	3	c	50	68	17	NEUTRAL	FRAGMENT	0	efdb40c11c6c929cf028073ce78720fbfdd76deb
20_Security/09_Secrets-handling.md	1	bash	29	35	5	NEUTRAL	NETWORK	1	e491c5fe4eed461addf6f16c9d70e8fa110c0efa
20_Security/09_Secrets-handling.md	2	bash	40	45	4	NEUTRAL	NETWORK	1	f0771fea48f559c2f2522c44146f5a62ddc00122
20_Security/09_Secrets-handling.md	3	bash	57	63	5	NEUTRAL	RUNNABLE	0	2c982fdf37f2d756a5143b2e9b96c0d187d77958
20_Security/09_Secrets-handling.md	4	bash	67	70	2	NEUTRAL	RUNNABLE	0	97c75252877610ac3ab93b1a8d6c1d862f85fbe7
20_Security/09_Secrets-handling.md	5	bash	82	86	3	WRONG	ANTIPATTERN	1	f78a19d590ff278f3b8330b8d57efd5988b822db
20_Security/09_Secrets-handling.md	6	bash	93	97	3	NEUTRAL	NEEDS_INPUT	0	37f1d155825e731df937e4bb52c12b45049ecfb6
20_Security/09_Secrets-handling.md	7	bash	102	109	6	NEUTRAL	RUNNABLE	0	436c00ddc425ccacdcd1e9b36aef8f2df648ae0b
20_Security/09_Secrets-handling.md	8	bash	121	125	3	NEUTRAL	RUNNABLE	1	73590ce4aa710bb135fed03ac856155cf8d273e7
20_Security/10_noclobber.md	1	bash	11	34	22	NEUTRAL	DESTRUCTIVE	0	47eec70cfc868e4e3ad16551b02c96742ef13088
20_Security/11_Privilege-drop.md	1	bash	26	35	8	NEUTRAL	RUNNABLE	0	bced2dac0864511e462efd29b616d486c61f2574
20_Security/11_Privilege-drop.md	2	bash	50	53	2	NEUTRAL	DESTRUCTIVE	0	9a10abedd6634c5400275ccbe9d6fe8a8f9c8f7d
20_Security/11_Privilege-drop.md	3	bash	65	72	6	NEUTRAL	DESTRUCTIVE	0	39e5b38774699e6bb09402ac68b114d4afcff75d
20_Security/11_Privilege-drop.md	4	bash	88	93	4	NEUTRAL	RUNNABLE	0	eedcb4ef2fa6ae3c426dd3fe5b661154651ff123
20_Security/12_Sanitising-filenames.md	1	bash	22	45	22	NEUTRAL	RUNNABLE	0	0e46f296444c5be990ec35f9add822efde26c927
20_Security/12_Sanitising-filenames.md	2	bash	59	69	9	NEUTRAL	NEEDS_INPUT	0	d535a71efe8f97ae4fbe2a28585eaea7254726ca
20_Security/13_Symlink-races.md	1	bash	19	29	9	NEUTRAL	DESTRUCTIVE	1	8f5db8c1e3052f7bdf24ef738cc7db1cb466d900
20_Security/13_Symlink-races.md	2	bash	58	66	7	NEUTRAL	RUNNABLE	0	71b04b43c0d4fb74bf1835f0662b73adee65e8f3
20_Security/13_Symlink-races.md	3	bash	78	82	3	NEUTRAL	RUNNABLE	0	d90b0f4f9df9b25602a6b21af61eca934bba31ed
20_Security/14_Restricted-shell-mode.md	1	text	14	22	7	NEUTRAL	FRAGMENT	1	817ba2fad1d69ade6f51007f7d7e8b999d2e2c6c
21_Static-Analysis-Formatting-and-Testing/01_ShellCheck-warnings.md	1	json	14	35	20	NEUTRAL	FRAGMENT	0	36ffcb6ce45eb6d66009c5240b88264b3b85f664
21_Static-Analysis-Formatting-and-Testing/01_ShellCheck-warnings.md	2	yaml	42	48	5	NEUTRAL	FRAGMENT	0	127b24cb7ef2a3f8ef5ab366da16072bc468fcfe
21_Static-Analysis-Formatting-and-Testing/02_ShellCheck-directives.md	1	bash	6	9	2	NEUTRAL	NEEDS_INPUT	0	d35df46f839ef7223ad1964c394b28ecdf79c247
21_Static-Analysis-Formatting-and-Testing/02_ShellCheck-directives.md	2	bash	35	40	4	NEUTRAL	RUNNABLE	0	e6f1e584da7f63c832d12eba11162e27f3dee4b8
21_Static-Analysis-Formatting-and-Testing/02_ShellCheck-directives.md	3	bash	42	52	9	NEUTRAL	RUNNABLE	0	82bd99eb3f70d1cd7fcf772cb7270a1dd493bbb8
21_Static-Analysis-Formatting-and-Testing/03_Source-path-management.md	1	bash	12	37	24	NEUTRAL	RUNNABLE	0	b6210d2c06c5685987a1d3a48e7576bd94df3abb
21_Static-Analysis-Formatting-and-Testing/04_shfmt.md	1	ini	14	25	10	NEUTRAL	FRAGMENT	0	f301d802e3d900555351ac1d05fef98ed6db3222
21_Static-Analysis-Formatting-and-Testing/04_shfmt.md	2	yaml	27	36	8	NEUTRAL	FRAGMENT	0	2e4e679d8404ab12052402512d71d5c012319c84
21_Static-Analysis-Formatting-and-Testing/05_bcscheck.md	1	bash	14	41	26	NEUTRAL	RUNNABLE	0	1d952a2927c9c2ddde969bfec950886048d17040
21_Static-Analysis-Formatting-and-Testing/05_bcscheck.md	2	bash	47	51	3	NEUTRAL	RUNNABLE	0	bd6e65abec1fdc632dcced5234abf1b80c3206f0
21_Static-Analysis-Formatting-and-Testing/06_Pre-commit-hooks.md	1	yaml	16	40	23	NEUTRAL	FRAGMENT	0	3175040359ce66603d50f7406bfa5f82e8eabe31
21_Static-Analysis-Formatting-and-Testing/06_Pre-commit-hooks.md	2	bash	44	49	4	NEUTRAL	RUNNABLE	1	a5c166650ffc2b5d021493c2c2b5662fbb0b069a
21_Static-Analysis-Formatting-and-Testing/06_Pre-commit-hooks.md	3	yaml	79	88	8	NEUTRAL	FRAGMENT	0	9bfdb6abff4ff9803f998c8c41012fdd1e7a2c3d
21_Static-Analysis-Formatting-and-Testing/07_CI-integration.md	1	yaml	17	58	40	NEUTRAL	FRAGMENT	0	1a693c9b1dc49e43ac227d697057cda8ddea82a0
21_Static-Analysis-Formatting-and-Testing/07_CI-integration.md	2	yaml	77	94	16	NEUTRAL	FRAGMENT	0	b9615e767df5afabcf561f3827b5fc923455ceb2
21_Static-Analysis-Formatting-and-Testing/08_bats-core.md	1	bash	16	58	41	NEUTRAL	DESTRUCTIVE	0	9e6801f108c967302529310a9ff3443af7ac071d
21_Static-Analysis-Formatting-and-Testing/08_bats-core.md	2	bash	62	72	9	NEUTRAL	RUNNABLE	1	da6bf6f1ca46418934957b2a5841496c59ed7412
21_Static-Analysis-Formatting-and-Testing/09_Bats-setup-and-teardown.md	1	bash	14	54	39	NEUTRAL	DESTRUCTIVE	1	3f36a43d21a0e2e2ef67e22e37a950883ae07c99
21_Static-Analysis-Formatting-and-Testing/10_Bats-run-and-assertions.md	1	bash	11	20	8	NEUTRAL	RUNNABLE	0	1cdf1b12a9fe4c55b7b741ab4245d4317e16ea41
21_Static-Analysis-Formatting-and-Testing/10_Bats-run-and-assertions.md	2	bash	35	42	6	NEUTRAL	RUNNABLE	0	0173b5dce3ba73d2b9ab017cd21e89f4e820efd8
21_Static-Analysis-Formatting-and-Testing/10_Bats-run-and-assertions.md	3	bash	50	76	25	NEUTRAL	RUNNABLE	0	1aefe3b2e65d6e3d9a26679fcfb84fe903843070
21_Static-Analysis-Formatting-and-Testing/10_Bats-run-and-assertions.md	4	bash	108	123	14	NEUTRAL	NETWORK	0	b3e2b3301ec956f5d9103758ea7fd8d98c8a29b3
21_Static-Analysis-Formatting-and-Testing/11_Mocking-via-PATH-injection.md	1	bash	6	20	13	NEUTRAL	DESTRUCTIVE	0	6f46833061518964d31a5130134bb85ebf434cbd
21_Static-Analysis-Formatting-and-Testing/13_Coverage-with-kcov.md	1	bash	13	44	30	NEUTRAL	DESTRUCTIVE	0	87e5734d7774273815250f85f027b99229c3443a
22_Idioms-Patterns-and-Anti-Patterns/01_The-strict-mode-preamble.md	1	bash	6	10	3	NEUTRAL	RUNNABLE	0	fea32075ab33e20b922ede201874726d18bc188c
22_Idioms-Patterns-and-Anti-Patterns/02_Self-locating-script-directory.md	1	bash	6	10	3	NEUTRAL	RUNNABLE	0	784e0d5c8bf5b684af6767a48c90771f0bbfc8d8
22_Idioms-Patterns-and-Anti-Patterns/03_Argument-parsing-skeleton.md	1	bash	11	81	69	NEUTRAL	RUNNABLE	0	938afe6364ba25cab6e594275ecd41c99db7d52c
22_Idioms-Patterns-and-Anti-Patterns/03_Argument-parsing-skeleton.md	2	bash	112	122	9	MIXED	RUNNABLE	0	d9328c14209fbf9cd6f86ba12f16dea48dc4ad6d
22_Idioms-Patterns-and-Anti-Patterns/04_Default-value-patterns.md	1	bash	27	40	12	NEUTRAL	RUNNABLE	0	10911dbd217c93128c62e3eee6b660eec951f70a
22_Idioms-Patterns-and-Anti-Patterns/04_Default-value-patterns.md	2	bash	50	57	6	MIXED	RUNNABLE	1	de5bf0ce97a766769a3693a0ba92a268a8490629
22_Idioms-Patterns-and-Anti-Patterns/05_Lazy-initialisation.md	1	bash	6	13	6	NEUTRAL	RUNNABLE	0	f59732c16f2411b26ee9ec0f708d643034fa9543
22_Idioms-Patterns-and-Anti-Patterns/06_Memoisation.md	1	bash	6	16	9	NEUTRAL	RUNNABLE	0	e2d5448babde11cf1b5e55ab9bcbe9142a55fbf7
22_Idioms-Patterns-and-Anti-Patterns/07_Iterating-an-associative-array-deterministically.md	1	bash	6	10	3	NEUTRAL	RUNNABLE	0	e7a1ad1a4940e4088b4bb92ec3b9b410e21fbb34
22_Idioms-Patterns-and-Anti-Patterns/08_Building-structured-output.md	1	bash	19	27	7	NEUTRAL	RUNNABLE	1	30eea99d131cd247b44fec82b310e10ddd06abf3
22_Idioms-Patterns-and-Anti-Patterns/08_Building-structured-output.md	2	bash	38	65	26	RIGHT	RUNNABLE	1	dc66b63d559da094655cbb5c3606790e5ae26522
22_Idioms-Patterns-and-Anti-Patterns/08_Building-structured-output.md	3	bash	74	85	10	NEUTRAL	RUNNABLE	1	07ea6b03857ce80b51bc306054bee832832c27f4
22_Idioms-Patterns-and-Anti-Patterns/08_Building-structured-output.md	4	bash	90	101	10	NEUTRAL	RUNNABLE	1	c5235cf4525767dc50eeb0e120a47fb5a4f302a3
22_Idioms-Patterns-and-Anti-Patterns/08_Building-structured-output.md	5	bash	106	114	7	MIXED	RUNNABLE	1	89328d70689a71b8caab73323426f071c8e5945c
22_Idioms-Patterns-and-Anti-Patterns/09_Reading-config-files-safely.md	1	bash	6	17	10	NEUTRAL	NEEDS_INPUT	0	fdeed71f08fac8a0c11313685076cc0451141eb6
22_Idioms-Patterns-and-Anti-Patterns/10_Atomic-file-write.md	1	bash	14	55	40	NEUTRAL	DESTRUCTIVE	0	18e752123e19422005b26be670dd41b527b084cc
22_Idioms-Patterns-and-Anti-Patterns/10_Atomic-file-write.md	2	bash	71	82	10	MIXED	RUNNABLE	0	4855cb2f634abca636caa38ac352fc3399cbf4dd
22_Idioms-Patterns-and-Anti-Patterns/11_Exclusive-lock.md	1	bash	13	51	37	NEUTRAL	RUNNABLE	0	368983c43bf0a158668de40ecc88bfb71f36911d
22_Idioms-Patterns-and-Anti-Patterns/11_Exclusive-lock.md	2	bash	72	84	11	MIXED	RUNNABLE	0	2b2ce3343b9a35f964e0815af86a31392d3df080
22_Idioms-Patterns-and-Anti-Patterns/12_Bounded-retry-with-exponential-backoff.md	1	bash	6	20	13	NEUTRAL	RUNNABLE	0	8f1416140e473f4bb7f89a2406d0b1d8c6ff9c0e
22_Idioms-Patterns-and-Anti-Patterns/13_Tempdir-lifecycle.md	1	bash	11	53	41	NEUTRAL	DESTRUCTIVE	0	8bab076208ae83ff80d9587eb30cef0e8d80cb3b
22_Idioms-Patterns-and-Anti-Patterns/13_Tempdir-lifecycle.md	2	bash	72	86	13	MIXED	DESTRUCTIVE	0	4c34a433bb53daba04777a11b43e07ef5ca97bea
22_Idioms-Patterns-and-Anti-Patterns/14_Mock-friendly-subprocess-wrapper.md	1	bash	6	8	1	NEUTRAL	RUNNABLE	0	999f16c5753b19172725fccb42240b3a54286947
22_Idioms-Patterns-and-Anti-Patterns/15_Stack-trace-error-reporter.md	1	bash	12	74	61	NEUTRAL	RUNNABLE	0	e718e44ea3a79880103666dae7b8976f17fd1eea
22_Idioms-Patterns-and-Anti-Patterns/15_Stack-trace-error-reporter.md	2	NONE	78	84	5	NEUTRAL	FRAGMENT	0	68bb3208cd9fe3a43a0a8653c240c00373cebcff
22_Idioms-Patterns-and-Anti-Patterns/15_Stack-trace-error-reporter.md	3	bash	103	111	7	MIXED	RUNNABLE	0	30ee7a5515b0cfec020dc29e62243fb563a88dbd
22_Idioms-Patterns-and-Anti-Patterns/16_Self-test-mode-dual-purpose-script.md	1	bash	6	10	3	NEUTRAL	RUNNABLE	0	5aaf04c979d333d26d94a3756afe5e9c67e20543
23_POSIX-Conformance-and-Portability/03_Bash-vs-dash.md	1	text	32	41	8	NEUTRAL	FRAGMENT	0	836b02d7d169bb2f9fb6a0b7d8c5b22a6e67ae42
23_POSIX-Conformance-and-Portability/03_Bash-vs-dash.md	2	bash	53	59	5	NEUTRAL	RUNNABLE	0	cd58c89a953f5bec78133d0e8281b64649e9dd8d
23_POSIX-Conformance-and-Portability/03_Bash-vs-dash.md	3	text	61	67	5	NEUTRAL	FRAGMENT	0	4af886de4c772c1a3d59b75cb86e9686fcfd5bbb
23_POSIX-Conformance-and-Portability/05_Bash-vs-zsh.md	1	bash	21	34	12	NEUTRAL	RUNNABLE	1	0904e58d0c3737c9ae0547e13efefdb3df4e45e8
23_POSIX-Conformance-and-Portability/05_Bash-vs-zsh.md	2	bash	41	46	4	NEUTRAL	RUNNABLE	1	2f2f01449786b3fc87918dd5a82a8d13d3dfe7ca
23_POSIX-Conformance-and-Portability/05_Bash-vs-zsh.md	3	bash	55	66	10	NEUTRAL	RUNNABLE	1	0522821da1f8626b5b93485f600b0bf5effcf632
23_POSIX-Conformance-and-Portability/12_Targeting-multiple-Bash-versions.md	1	bash	17	24	6	NEUTRAL	RUNNABLE	0	1466641537d5050a131ef0f6ecaab25360574117
23_POSIX-Conformance-and-Portability/12_Targeting-multiple-Bash-versions.md	2	bash	36	48	11	NEUTRAL	RUNNABLE	0	2da314df1266c81cb8f1a86a92481a25f5fb40fa
23_POSIX-Conformance-and-Portability/12_Targeting-multiple-Bash-versions.md	3	bash	63	77	13	NEUTRAL	RUNNABLE	0	6ec5c090454837fba47833fada52e82211501bfc
24_Bash-Internals/01_The-execution-pipeline.md	1	bash	35	44	8	NEUTRAL	RUNNABLE	0	d226d60f800fb3c25648e191c57b105d3c617a88
24_Bash-Internals/01_The-execution-pipeline.md	2	bash	58	67	8	NEUTRAL	RUNNABLE	0	ab37ee7ed3a62b4b633bb5c385e83171b266d66b
24_Bash-Internals/08_Subshell-forking.md	1	bash	40	62	21	NEUTRAL	RUNNABLE	0	26d5876b3c2510d0a96c081b9036f152706086f6
24_Bash-Internals/08_Subshell-forking.md	2	NONE	66	71	4	NEUTRAL	FRAGMENT	0	a80b36f8f418f89944c43805ebb5da7a89e2a260
24_Bash-Internals/08_Subshell-forking.md	3	bash	83	99	15	MIXED	NEEDS_INPUT	1	d810e3eae398ac920dc835aaf2a7dfa2b7934690
24_Bash-Internals/09_Builtin-loadables.md	1	bash	27	39	11	NEUTRAL	RUNNABLE	0	9df93f79286a71db47521f50feddddfdfd7b2ddc
24_Bash-Internals/09_Builtin-loadables.md	2	bash	73	77	3	NEUTRAL	RUNNABLE	0	346681bf18526a989758c1c8e43f7ddd15e5a8b0
25_Bash-5.3-and-the-Future/01_No-fork-command-substitution-cmd.md	1	bash	22	44	21	NEUTRAL	RUNNABLE	1	35a81630a5f806415f644417300472fc19923e62
25_Bash-5.3-and-the-Future/01_No-fork-command-substitution-cmd.md	2	bash	86	93	6	MIXED	RUNNABLE	1	189d08f323dce406297450444f10069e919bd33e
99_Appendices/E_shopt-Options-Reference.md	1	bash	121	124	2	NEUTRAL	RUNNABLE	0	d23658c9c190cbe1992ac4a0f1944d4f02125da8
