leaf_path	block_idx	runnability	label	exit_code	bucket	expected_count	actual_lines	expected_match	expected_crash
01_The-Unix-Model-from-Bash/01_Processes-fork-exec-wait.md	1	RUNNABLE	NEUTRAL	0	MISMATCH	1	2	MISSING:1/1	0
01_The-Unix-Model-from-Bash/01_Processes-fork-exec-wait.md	2	RUNNABLE	NEUTRAL	0	MISMATCH	1	2	MISSING:1/1	0
01_The-Unix-Model-from-Bash/01_Processes-fork-exec-wait.md	3	RUNNABLE	NEUTRAL	1	CRASH	1	1	-	0
01_The-Unix-Model-from-Bash/02_The-file-descriptor-model.md	2	RUNNABLE	NEUTRAL	0	MISMATCH	1	5	MISSING:1/1	0
01_The-Unix-Model-from-Bash/02_The-file-descriptor-model.md	3	RUNNABLE	NEUTRAL	0	MISMATCH	1	1	MISSING:1/1	0
01_The-Unix-Model-from-Bash/02_The-file-descriptor-model.md	4	RUNNABLE	MIXED	127	CRASH	0	0	-	0
01_The-Unix-Model-from-Bash/03_Files-directories-and-special-files.md	1	RUNNABLE	NEUTRAL	0	OK	2	2	OK	0
01_The-Unix-Model-from-Bash/04_Streams-and-the-standard-descriptors.md	1	RUNNABLE	NEUTRAL	0	MISSING_ANNOT	0	1	-	0
01_The-Unix-Model-from-Bash/04_Streams-and-the-standard-descriptors.md	2	RUNNABLE	MIXED	1	CRASH	0	0	-	0
01_The-Unix-Model-from-Bash/05_The-shell-environment.md	1	RUNNABLE	NEUTRAL	0	OK	1	1	OK	0
01_The-Unix-Model-from-Bash/05_The-shell-environment.md	3	RUNNABLE	NEUTRAL	128	CRASH	1	0	-	0
01_The-Unix-Model-from-Bash/05_The-shell-environment.md	4	RUNNABLE	MIXED	127	CRASH	0	0	-	0
01_The-Unix-Model-from-Bash/07_Exit-status-and-process-termination.md	1	RUNNABLE	NEUTRAL	42	CRASH	2	0	-	0
01_The-Unix-Model-from-Bash/07_Exit-status-and-process-termination.md	3	RUNNABLE	NEUTRAL	1	CRASH	1	0	-	0
01_The-Unix-Model-from-Bash/07_Exit-status-and-process-termination.md	4	RUNNABLE	MIXED	232	CRASH	0	0	-	0
01_The-Unix-Model-from-Bash/09_The-controlling-terminal-and-TTY-layer.md	3	RUNNABLE	NEUTRAL	0	MISSING_ANNOT	0	1	-	0
02_Bash-as-a-Program/02_Bash-version-landscape.md	1	RUNNABLE	NEUTRAL	0	OK	6	6	OK	0
02_Bash-as-a-Program/03_Build-configuration-and-feature-detection.md	1	RUNNABLE	NEUTRAL	0	NO_EXPECTED	0	0	-	0
02_Bash-as-a-Program/03_Build-configuration-and-feature-detection.md	2	RUNNABLE	NEUTRAL	0	OK	3	3	OK	0
02_Bash-as-a-Program/04_Invocation-modes.md	2	RUNNABLE	MIXED	0	MISMATCH	1	332	MISSING:1/1	0
02_Bash-as-a-Program/04_Invocation-modes.md	3	RUNNABLE	NEUTRAL	0	MISMATCH	1	1	MISSING:1/1	0
02_Bash-as-a-Program/05_Startup-file-chains.md	2	RUNNABLE	NEUTRAL	0	NO_EXPECTED	0	0	-	0
02_Bash-as-a-Program/05_Startup-file-chains.md	3	RUNNABLE	NEUTRAL	0	NO_EXPECTED	0	0	-	0
02_Bash-as-a-Program/06_BASH_ENV-and-ENV.md	1	RUNNABLE	NEUTRAL	1	CRASH	1	0	-	0
02_Bash-as-a-Program/07_Command-line-options-to-bash-itself.md	1	RUNNABLE	NEUTRAL	0	MISMATCH	5	5	MISSING:3/5	0
02_Bash-as-a-Program/07_Command-line-options-to-bash-itself.md	2	RUNNABLE	NEUTRAL	0	MISMATCH	3	3	MISSING:2/3	0
02_Bash-as-a-Program/08_Exit-and-shell-session-lifecycle.md	1	RUNNABLE	NEUTRAL	0	MISMATCH	2	2	MISSING:2/2	0
03_Lexical-Structure-and-Shell-Grammar/01_Tokenisation.md	1	RUNNABLE	NEUTRAL	0	NO_EXPECTED	0	0	-	0
03_Lexical-Structure-and-Shell-Grammar/01_Tokenisation.md	2	RUNNABLE	NEUTRAL	0	OK	2	2	OK	0
03_Lexical-Structure-and-Shell-Grammar/02_Reserved-words.md	2	RUNNABLE	NEUTRAL	0	OK	2	2	OK	0
03_Lexical-Structure-and-Shell-Grammar/02_Reserved-words.md	3	RUNNABLE	NEUTRAL	127	CRASH	1	1	-	0
03_Lexical-Structure-and-Shell-Grammar/03_Comments.md	1	RUNNABLE	NEUTRAL	0	MISMATCH	5	3	MISSING:5/5	0
03_Lexical-Structure-and-Shell-Grammar/03_Comments.md	2	RUNNABLE	MIXED	0	NO_EXPECTED	0	0	-	0
03_Lexical-Structure-and-Shell-Grammar/04_Quoting-overview.md	1	RUNNABLE	NEUTRAL	2	CRASH	0	0	-	0
03_Lexical-Structure-and-Shell-Grammar/04_Quoting-overview.md	2	RUNNABLE	NEUTRAL	0	MISMATCH	3	3	MISSING:2/3	0
03_Lexical-Structure-and-Shell-Grammar/04_Quoting-overview.md	3	RUNNABLE	MIXED	1	CRASH	0	0	-	0
03_Lexical-Structure-and-Shell-Grammar/04_Quoting-overview.md	4	RUNNABLE	NEUTRAL	0	OK	1	1	OK	0
03_Lexical-Structure-and-Shell-Grammar/05_Single-quotes.md	1	RUNNABLE	NEUTRAL	0	MISMATCH	3	3	MISSING:1/3	0
03_Lexical-Structure-and-Shell-Grammar/05_Single-quotes.md	2	RUNNABLE	MIXED	1	CRASH	0	0	-	0
03_Lexical-Structure-and-Shell-Grammar/06_Double-quotes.md	1	RUNNABLE	NEUTRAL	0	OK	6	6	OK	0
03_Lexical-Structure-and-Shell-Grammar/06_Double-quotes.md	2	RUNNABLE	NEUTRAL	0	MISMATCH	4	5	MISSING:3/4	0
03_Lexical-Structure-and-Shell-Grammar/06_Double-quotes.md	3	RUNNABLE	NEUTRAL	0	OK	1	1	OK	0
03_Lexical-Structure-and-Shell-Grammar/06_Double-quotes.md	4	RUNNABLE	NEUTRAL	0	NO_EXPECTED	0	0	-	0
03_Lexical-Structure-and-Shell-Grammar/07_ANSI-C-quoting.md	1	RUNNABLE	NEUTRAL	0	MISMATCH	3	3	MISSING:3/3	0
03_Lexical-Structure-and-Shell-Grammar/07_ANSI-C-quoting.md	2	RUNNABLE	NEUTRAL	0	NO_EXPECTED	0	0	-	0
03_Lexical-Structure-and-Shell-Grammar/07_ANSI-C-quoting.md	3	RUNNABLE	NEUTRAL	0	MISMATCH	3	3	MISSING:3/3	0
03_Lexical-Structure-and-Shell-Grammar/09_Backslash-escapes.md	1	RUNNABLE	NEUTRAL	0	MISMATCH	10	10	MISSING:7/10	0
03_Lexical-Structure-and-Shell-Grammar/09_Backslash-escapes.md	2	RUNNABLE	NEUTRAL	0	MISMATCH	1	0	MISSING:1/1	0
03_Lexical-Structure-and-Shell-Grammar/10_Shell-grammar.md	2	RUNNABLE	NEUTRAL	0	NO_EXPECTED	0	0	-	0
03_Lexical-Structure-and-Shell-Grammar/10_Shell-grammar.md	4	RUNNABLE	NEUTRAL	0	NO_EXPECTED	0	0	-	0
03_Lexical-Structure-and-Shell-Grammar/11_Operator-precedence.md	1	RUNNABLE	NEUTRAL	127	CRASH	0	0	-	0
03_Lexical-Structure-and-Shell-Grammar/11_Operator-precedence.md	2	RUNNABLE	NEUTRAL	0	OK	2	2	OK	0
03_Lexical-Structure-and-Shell-Grammar/11_Operator-precedence.md	3	RUNNABLE	RIGHT	127	CRASH	0	0	-	0
03_Lexical-Structure-and-Shell-Grammar/11_Operator-precedence.md	4	RUNNABLE	NEUTRAL	2	CRASH	0	1	-	0
04_Parameters-Variables-and-Arrays/01_Parameter-taxonomy.md	2	RUNNABLE	NEUTRAL	0	MISMATCH	4	4	MISSING:2/4	0
04_Parameters-Variables-and-Arrays/02_Positional-parameters.md	1	RUNNABLE	NEUTRAL	0	MISMATCH	3	15	MISSING:3/3	0
04_Parameters-Variables-and-Arrays/02_Positional-parameters.md	2	RUNNABLE	NEUTRAL	0	OK	1	2	OK	0
04_Parameters-Variables-and-Arrays/02_Positional-parameters.md	3	RUNNABLE	NEUTRAL	0	MISMATCH	1	2	MISSING:1/1	0
04_Parameters-Variables-and-Arrays/03_Special-parameters.md	1	RUNNABLE	NEUTRAL	0	MISMATCH	2	5	MISSING:1/2	0
04_Parameters-Variables-and-Arrays/04_Shell-variables.md	1	RUNNABLE	NEUTRAL	0	MISMATCH	1	0	MISSING:1/1	0
04_Parameters-Variables-and-Arrays/04_Shell-variables.md	2	RUNNABLE	NEUTRAL	2	CRASH	1	0	-	0
04_Parameters-Variables-and-Arrays/04_Shell-variables.md	3	RUNNABLE	NEUTRAL	1	CRASH	0	0	-	0
04_Parameters-Variables-and-Arrays/05_The-declare-builtin-and-attributes.md	1	RUNNABLE	NEUTRAL	1	CRASH	4	0	-	0
04_Parameters-Variables-and-Arrays/05_The-declare-builtin-and-attributes.md	2	RUNNABLE	NEUTRAL	0	MISMATCH	2	2	MISSING:1/2	0
04_Parameters-Variables-and-Arrays/05_The-declare-builtin-and-attributes.md	3	RUNNABLE	NEUTRAL	0	OK	1	1	OK	0
04_Parameters-Variables-and-Arrays/05_The-declare-builtin-and-attributes.md	4	RUNNABLE	NEUTRAL	0	NO_EXPECTED	0	0	-	0
04_Parameters-Variables-and-Arrays/05_The-declare-builtin-and-attributes.md	5	RUNNABLE	NEUTRAL	0	MISMATCH	3	10	MISSING:1/3	0
04_Parameters-Variables-and-Arrays/05_The-declare-builtin-and-attributes.md	6	RUNNABLE	NEUTRAL	0	MISMATCH	2	0	MISSING:2/2	0
04_Parameters-Variables-and-Arrays/06_local-and-dynamic-scope.md	1	RUNNABLE	MIXED	0	MISMATCH	1	0	MISSING:1/1	0
04_Parameters-Variables-and-Arrays/06_local-and-dynamic-scope.md	2	RUNNABLE	NEUTRAL	0	OK	2	2	OK	0
04_Parameters-Variables-and-Arrays/06_local-and-dynamic-scope.md	3	RUNNABLE	NEUTRAL	0	MISMATCH	3	3	MISSING:3/3	0
04_Parameters-Variables-and-Arrays/06_local-and-dynamic-scope.md	4	RUNNABLE	NEUTRAL	0	NO_EXPECTED	0	0	-	0
04_Parameters-Variables-and-Arrays/07_readonly-and-immutability.md	1	RUNNABLE	NEUTRAL	1	CRASH	2	0	-	0
04_Parameters-Variables-and-Arrays/07_readonly-and-immutability.md	2	RUNNABLE	NEUTRAL	1	CRASH	1	0	-	0
04_Parameters-Variables-and-Arrays/08_export-and-the-environment.md	1	RUNNABLE	NEUTRAL	0	OK	2	2	OK	0
04_Parameters-Variables-and-Arrays/08_export-and-the-environment.md	2	RUNNABLE	NEUTRAL	1	CRASH	2	0	-	0
04_Parameters-Variables-and-Arrays/08_export-and-the-environment.md	3	RUNNABLE	NEUTRAL	0	MISMATCH	2	2	MISSING:1/2	0
04_Parameters-Variables-and-Arrays/09_Indexed-arrays.md	1	RUNNABLE	NEUTRAL	0	OK	1	1	OK	0
04_Parameters-Variables-and-Arrays/09_Indexed-arrays.md	2	RUNNABLE	NEUTRAL	0	MISMATCH	3	10	MISSING:2/3	0
04_Parameters-Variables-and-Arrays/09_Indexed-arrays.md	3	RUNNABLE	NEUTRAL	0	OK	2	2	OK	0
04_Parameters-Variables-and-Arrays/09_Indexed-arrays.md	4	RUNNABLE	NEUTRAL	0	MISSING_ANNOT	0	4	-	0
04_Parameters-Variables-and-Arrays/09_Indexed-arrays.md	5	RUNNABLE	NEUTRAL	0	OK	6	6	OK	0
04_Parameters-Variables-and-Arrays/09_Indexed-arrays.md	6	RUNNABLE	NEUTRAL	0	OK	1	1	OK	0
04_Parameters-Variables-and-Arrays/10_Associative-arrays.md	1	RUNNABLE	NEUTRAL	1	CRASH	0	0	-	0
04_Parameters-Variables-and-Arrays/10_Associative-arrays.md	2	RUNNABLE	NEUTRAL	1	CRASH	1	0	-	0
04_Parameters-Variables-and-Arrays/10_Associative-arrays.md	3	RUNNABLE	RIGHT	0	NO_EXPECTED	0	0	-	0
04_Parameters-Variables-and-Arrays/10_Associative-arrays.md	4	RUNNABLE	NEUTRAL	0	OK	2	2	OK	0
04_Parameters-Variables-and-Arrays/10_Associative-arrays.md	5	RUNNABLE	NEUTRAL	0	OK	3	3	OK	0
04_Parameters-Variables-and-Arrays/10_Associative-arrays.md	6	RUNNABLE	NEUTRAL	1	CRASH	4	3	-	0
04_Parameters-Variables-and-Arrays/10_Associative-arrays.md	7	RUNNABLE	NEUTRAL	0	NO_EXPECTED	0	0	-	0
04_Parameters-Variables-and-Arrays/11_Namerefs-n.md	2	RUNNABLE	NEUTRAL	0	OK	3	3	OK	0
04_Parameters-Variables-and-Arrays/11_Namerefs-n.md	3	RUNNABLE	NEUTRAL	0	OK	3	3	OK	0
04_Parameters-Variables-and-Arrays/11_Namerefs-n.md	4	RUNNABLE	NEUTRAL	1	CRASH	1	0	-	0
04_Parameters-Variables-and-Arrays/11_Namerefs-n.md	5	RUNNABLE	MIXED	0	MISMATCH	1	0	MISSING:1/1	0
04_Parameters-Variables-and-Arrays/12_Integer-arithmetic-semantics.md	1	RUNNABLE	NEUTRAL	0	MISMATCH	6	7	MISSING:3/6	0
04_Parameters-Variables-and-Arrays/12_Integer-arithmetic-semantics.md	2	RUNNABLE	NEUTRAL	1	CRASH	2	0	-	0
04_Parameters-Variables-and-Arrays/12_Integer-arithmetic-semantics.md	3	RUNNABLE	NEUTRAL	0	OK	1	1	OK	0
04_Parameters-Variables-and-Arrays/13_Variable-assignment-semantics.md	1	RUNNABLE	NEUTRAL	0	MISMATCH	3	1	MISSING:3/3	0
04_Parameters-Variables-and-Arrays/13_Variable-assignment-semantics.md	2	RUNNABLE	NEUTRAL	0	MISMATCH	6	6	MISSING:1/6	0
04_Parameters-Variables-and-Arrays/13_Variable-assignment-semantics.md	3	RUNNABLE	NEUTRAL	0	MISMATCH	3	2	MISSING:2/3	0
04_Parameters-Variables-and-Arrays/13_Variable-assignment-semantics.md	4	RUNNABLE	NEUTRAL	127	CRASH	0	0	-	0
04_Parameters-Variables-and-Arrays/13_Variable-assignment-semantics.md	5	RUNNABLE	NEUTRAL	1	CRASH	2	0	-	0
04_Parameters-Variables-and-Arrays/13_Variable-assignment-semantics.md	6	RUNNABLE	NEUTRAL	1	CRASH	1	0	-	0
04_Parameters-Variables-and-Arrays/14_Unsetting.md	1	RUNNABLE	MIXED	0	MISMATCH	4	13	MISSING:4/4	0
04_Parameters-Variables-and-Arrays/14_Unsetting.md	2	RUNNABLE	NEUTRAL	0	OK	2	2	OK	0
05_Expansions/01_Order-of-expansions.md	1	RUNNABLE	NEUTRAL	1	CRASH	0	0	-	0
05_Expansions/02_Brace-expansion.md	1	RUNNABLE	NEUTRAL	0	MISMATCH	11	11	MISSING:3/11	0
05_Expansions/02_Brace-expansion.md	2	RUNNABLE	NEUTRAL	1	CRASH	0	0	-	0
05_Expansions/03_Tilde-expansion.md	1	RUNNABLE	NEUTRAL	0	MISMATCH	7	8	MISSING:4/7	0
05_Expansions/03_Tilde-expansion.md	2	RUNNABLE	NEUTRAL	0	MISMATCH	1	1	MISSING:1/1	0
05_Expansions/03_Tilde-expansion.md	3	RUNNABLE	NEUTRAL	0	MISMATCH	2	2	MISSING:2/2	0
05_Expansions/04_Parameter-and-variable-expansion.md	1	RUNNABLE	NEUTRAL	0	MISMATCH	5	5	MISSING:3/5	0
05_Expansions/04_Parameter-and-variable-expansion.md	2	RUNNABLE	NEUTRAL	0	MISMATCH	6	5	MISSING:6/6	0
05_Expansions/04_Parameter-and-variable-expansion.md	3	RUNNABLE	NEUTRAL	0	MISMATCH	5	5	MISSING:3/5	0
05_Expansions/04_Parameter-and-variable-expansion.md	4	RUNNABLE	NEUTRAL	0	MISMATCH	4	4	MISSING:4/4	0
05_Expansions/04_Parameter-and-variable-expansion.md	5	RUNNABLE	NEUTRAL	0	MISMATCH	5	5	MISSING:5/5	0
05_Expansions/04_Parameter-and-variable-expansion.md	6	RUNNABLE	NEUTRAL	0	MISMATCH	5	5	MISSING:5/5	0
05_Expansions/04_Parameter-and-variable-expansion.md	7	RUNNABLE	NEUTRAL	0	MISMATCH	2	4	MISSING:2/2	0
05_Expansions/04_Parameter-and-variable-expansion.md	8	RUNNABLE	NEUTRAL	0	MISSING_ANNOT	0	2	-	0
05_Expansions/04_Parameter-and-variable-expansion.md	9	RUNNABLE	NEUTRAL	0	MISMATCH	4	4	MISSING:4/4	0
05_Expansions/04_Parameter-and-variable-expansion.md	10	RUNNABLE	NEUTRAL	0	MISMATCH	2	5	MISSING:2/2	0
05_Expansions/05_Arithmetic-expansion.md	1	RUNNABLE	NEUTRAL	0	MISMATCH	9	9	MISSING:6/9	0
05_Expansions/05_Arithmetic-expansion.md	2	RUNNABLE	NEUTRAL	1	CRASH	4	0	-	0
05_Expansions/05_Arithmetic-expansion.md	3	RUNNABLE	NEUTRAL	0	MISMATCH	3	2	MISSING:3/3	0
05_Expansions/06_Command-substitution.md	3	RUNNABLE	NEUTRAL	0	OK	1	2	OK	0
05_Expansions/06_Command-substitution.md	4	RUNNABLE	NEUTRAL	1	CRASH	0	1	-	0
05_Expansions/06_Command-substitution.md	5	RUNNABLE	NEUTRAL	0	MISMATCH	2	5	MISSING:1/2	0
05_Expansions/08_Word-splitting-and-IFS.md	1	RUNNABLE	NEUTRAL	0	OK	2	2	OK	0
05_Expansions/08_Word-splitting-and-IFS.md	2	RUNNABLE	NEUTRAL	0	NO_EXPECTED	0	0	-	0
05_Expansions/08_Word-splitting-and-IFS.md	3	RUNNABLE	NEUTRAL	0	OK	4	12	OK	0
05_Expansions/08_Word-splitting-and-IFS.md	4	RUNNABLE	NEUTRAL	0	OK	1	1	OK	0
05_Expansions/08_Word-splitting-and-IFS.md	6	RUNNABLE	NEUTRAL	0	NO_EXPECTED	0	0	-	0
05_Expansions/09_Pathname-expansion-globbing.md	1	RUNNABLE	NEUTRAL	2	CRASH	4	0	-	0
05_Expansions/09_Pathname-expansion-globbing.md	2	RUNNABLE	NEUTRAL	0	MISMATCH	3	3	MISSING:2/3	0
05_Expansions/09_Pathname-expansion-globbing.md	3	RUNNABLE	NEUTRAL	0	NO_EXPECTED	0	0	-	0
05_Expansions/09_Pathname-expansion-globbing.md	4	RUNNABLE	NEUTRAL	1	CRASH	0	0	-	0
05_Expansions/10_Quote-removal.md	1	RUNNABLE	NEUTRAL	0	MISMATCH	6	6	MISSING:4/6	0
05_Expansions/11_Glob-options.md	1	RUNNABLE	NEUTRAL	1	CRASH	1	0	-	0
05_Expansions/11_Glob-options.md	2	RUNNABLE	NEUTRAL	0	NO_EXPECTED	0	0	-	0
05_Expansions/11_Glob-options.md	3	RUNNABLE	NEUTRAL	0	MISSING_ANNOT	0	1	-	0
05_Expansions/11_Glob-options.md	4	RUNNABLE	NEUTRAL	0	OK	2	2	OK	0
05_Expansions/12_Extended-globs-extglob.md	1	RUNNABLE	NEUTRAL	0	MISMATCH	5	0	MISSING:5/5	0
05_Expansions/12_Extended-globs-extglob.md	3	RUNNABLE	NEUTRAL	0	NO_EXPECTED	0	0	-	0
05_Expansions/12_Extended-globs-extglob.md	4	RUNNABLE	NEUTRAL	1	CRASH	0	0	-	0
05_Expansions/13_Locale-and-pattern-matching.md	1	RUNNABLE	NEUTRAL	0	MISMATCH	3	2	MISSING:2/3	0
05_Expansions/13_Locale-and-pattern-matching.md	2	RUNNABLE	NEUTRAL	127	CRASH	0	0	-	0
05_Expansions/13_Locale-and-pattern-matching.md	3	RUNNABLE	NEUTRAL	1	CRASH	0	1	-	0
06_Redirection-and-Pipelines/01_The-fd-table-from-Bashs-perspective.md	1	RUNNABLE	NEUTRAL	0	NO_EXPECTED	0	0	-	0
06_Redirection-and-Pipelines/01_The-fd-table-from-Bashs-perspective.md	2	RUNNABLE	NEUTRAL	0	MISMATCH	2	2	MISSING:2/2	0
06_Redirection-and-Pipelines/01_The-fd-table-from-Bashs-perspective.md	3	RUNNABLE	NEUTRAL	0	MISSING_ANNOT	0	1	-	0
06_Redirection-and-Pipelines/03_Output-redirection.md	1	RUNNABLE	NEUTRAL	1	CRASH	6	3	-	0
06_Redirection-and-Pipelines/03_Output-redirection.md	2	RUNNABLE	RIGHT	1	CRASH	0	0	-	0
06_Redirection-and-Pipelines/04_Stderr-redirection-and-merging.md	1	RUNNABLE	NEUTRAL	0	MISSING_ANNOT	0	1	-	0
06_Redirection-and-Pipelines/04_Stderr-redirection-and-merging.md	2	RUNNABLE	NEUTRAL	127	CRASH	1	0	-	0
06_Redirection-and-Pipelines/06_Duplicating-fds.md	1	RUNNABLE	NEUTRAL	2	CRASH	1	0	-	0
06_Redirection-and-Pipelines/06_Duplicating-fds.md	2	RUNNABLE	NEUTRAL	1	CRASH	1	0	-	0
06_Redirection-and-Pipelines/07_Moving-and-closing-fds.md	1	RUNNABLE	NEUTRAL	0	MISMATCH	1	1	MISSING:1/1	0
06_Redirection-and-Pipelines/07_Moving-and-closing-fds.md	2	RUNNABLE	NEUTRAL	0	MISMATCH	2	1	MISSING:1/2	0
06_Redirection-and-Pipelines/08_Here-documents.md	1	RUNNABLE	NEUTRAL	0	MISMATCH	2	2	MISSING:1/2	0
06_Redirection-and-Pipelines/08_Here-documents.md	2	RUNNABLE	NEUTRAL	0	OK	3	3	OK	0
06_Redirection-and-Pipelines/08_Here-documents.md	3	RUNNABLE	NEUTRAL	141	CRASH	3	1	-	0
06_Redirection-and-Pipelines/09_Here-strings.md	1	RUNNABLE	NEUTRAL	0	MISMATCH	2	2	MISSING:1/2	0
06_Redirection-and-Pipelines/09_Here-strings.md	2	RUNNABLE	NEUTRAL	0	OK	1	1	OK	0
06_Redirection-and-Pipelines/10_Process-substitution-as-redirection.md	1	RUNNABLE	NEUTRAL	0	MISMATCH	1	0	MISSING:1/1	0
06_Redirection-and-Pipelines/10_Process-substitution-as-redirection.md	2	RUNNABLE	NEUTRAL	0	MISMATCH	3	2	MISSING:1/3	0
06_Redirection-and-Pipelines/11_Order-of-evaluation.md	1	RUNNABLE	NEUTRAL	0	MISMATCH	2	1	MISSING:2/2	0
06_Redirection-and-Pipelines/11_Order-of-evaluation.md	2	RUNNABLE	NEUTRAL	0	MISMATCH	2	0	MISSING:2/2	0
06_Redirection-and-Pipelines/11_Order-of-evaluation.md	3	RUNNABLE	NEUTRAL	0	NO_EXPECTED	0	0	-	0
06_Redirection-and-Pipelines/12_exec-for-fd-manipulation.md	1	RUNNABLE	NEUTRAL	1	CRASH	0	0	-	0
06_Redirection-and-Pipelines/12_exec-for-fd-manipulation.md	3	RUNNABLE	NEUTRAL	127	CRASH	0	0	-	0
06_Redirection-and-Pipelines/12_exec-for-fd-manipulation.md	4	RUNNABLE	NEUTRAL	0	NO_EXPECTED	0	0	-	0
06_Redirection-and-Pipelines/13_Pipelines.md	1	RUNNABLE	NEUTRAL	127	CRASH	3	2	-	0
06_Redirection-and-Pipelines/14_Stderr-pipelines.md	1	RUNNABLE	NEUTRAL	0	MISMATCH	4	4	MISSING:4/4	0
06_Redirection-and-Pipelines/15_pipefail-semantics.md	2	RUNNABLE	NEUTRAL	127	CRASH	1	0	-	0
07_Control-Flow-and-Compound-Commands/02_ifelifelsefi.md	2	RUNNABLE	NEUTRAL	1	CRASH	1	0	-	0
07_Control-Flow-and-Compound-Commands/02_ifelifelsefi.md	3	RUNNABLE	NEUTRAL	1	CRASH	2	0	-	0
07_Control-Flow-and-Compound-Commands/02_ifelifelsefi.md	4	RUNNABLE	NEUTRAL	0	MISMATCH	2	1	MISSING:2/2	0
07_Control-Flow-and-Compound-Commands/02_ifelifelsefi.md	5	RUNNABLE	NEUTRAL	127	CRASH	0	0	-	0
07_Control-Flow-and-Compound-Commands/03_caseesac.md	2	RUNNABLE	NEUTRAL	1	CRASH	2	0	-	0
07_Control-Flow-and-Compound-Commands/03_caseesac.md	3	RUNNABLE	NEUTRAL	1	CRASH	0	0	-	0
07_Control-Flow-and-Compound-Commands/03_caseesac.md	4	RUNNABLE	NEUTRAL	1	CRASH	0	0	-	0
07_Control-Flow-and-Compound-Commands/03_caseesac.md	5	RUNNABLE	NEUTRAL	1	CRASH	0	0	-	0
07_Control-Flow-and-Compound-Commands/03_caseesac.md	6	RUNNABLE	MIXED	1	CRASH	0	0	-	0
07_Control-Flow-and-Compound-Commands/04_for-x-in-list.md	2	RUNNABLE	MIXED	127	CRASH	2	0	-	0
07_Control-Flow-and-Compound-Commands/04_for-x-in-list.md	3	RUNNABLE	NEUTRAL	127	CRASH	0	0	-	0
07_Control-Flow-and-Compound-Commands/04_for-x-in-list.md	4	RUNNABLE	NEUTRAL	0	NO_EXPECTED	0	0	-	0
07_Control-Flow-and-Compound-Commands/04_for-x-in-list.md	5	RUNNABLE	NEUTRAL	1	CRASH	0	0	-	0
07_Control-Flow-and-Compound-Commands/05_C-style-for.md	2	RUNNABLE	NEUTRAL	0	MISMATCH	1	4	MISSING:1/1	0
07_Control-Flow-and-Compound-Commands/05_C-style-for.md	3	RUNNABLE	NEUTRAL	124	TIMEOUT	0	0	-	0
07_Control-Flow-and-Compound-Commands/06_whileuntil.md	2	RUNNABLE	NEUTRAL	127	CRASH	0	0	-	0
07_Control-Flow-and-Compound-Commands/08_Subshell-grouping.md	2	RUNNABLE	MIXED	1	CRASH	0	0	-	0
07_Control-Flow-and-Compound-Commands/08_Subshell-grouping.md	3	RUNNABLE	NEUTRAL	0	MISMATCH	4	0	MISSING:4/4	0
07_Control-Flow-and-Compound-Commands/09_Brace-grouping.md	2	RUNNABLE	MIXED	127	CRASH	2	0	-	0
07_Control-Flow-and-Compound-Commands/09_Brace-grouping.md	3	RUNNABLE	NEUTRAL	1	CRASH	0	0	-	0
07_Control-Flow-and-Compound-Commands/10_and-short-circuits.md	1	RUNNABLE	NEUTRAL	1	CRASH	0	0	-	0
07_Control-Flow-and-Compound-Commands/10_and-short-circuits.md	3	RUNNABLE	RIGHT	1	CRASH	0	0	-	0
07_Control-Flow-and-Compound-Commands/10_and-short-circuits.md	4	RUNNABLE	RIGHT	1	CRASH	0	0	-	0
07_Control-Flow-and-Compound-Commands/11_break-and-continue.md	1	RUNNABLE	NEUTRAL	0	MISMATCH	2	1	MISSING:2/2	0
07_Control-Flow-and-Compound-Commands/11_break-and-continue.md	2	RUNNABLE	NEUTRAL	0	MISMATCH	1	0	MISSING:1/1	0
07_Control-Flow-and-Compound-Commands/12_return.md	1	RUNNABLE	NEUTRAL	0	OK	1	1	OK	0
07_Control-Flow-and-Compound-Commands/12_return.md	2	RUNNABLE	NEUTRAL	2	CRASH	1	0	-	0
07_Control-Flow-and-Compound-Commands/13_exit.md	1	RUNNABLE	NEUTRAL	7	CRASH	2	2	-	0
07_Control-Flow-and-Compound-Commands/13_exit.md	2	RUNNABLE	NEUTRAL	3	CRASH	3	3	-	0
07_Control-Flow-and-Compound-Commands/14_true-false.md	1	RUNNABLE	NEUTRAL	0	MISSING_ANNOT	0	3	-	0
08_Conditional-Expressions-and-Arithmetic/01_overview.md	1	RUNNABLE	NEUTRAL	1	CRASH	2	0	-	0
08_Conditional-Expressions-and-Arithmetic/01_overview.md	2	RUNNABLE	NEUTRAL	0	OK	3	3	OK	0
08_Conditional-Expressions-and-Arithmetic/04_String-operators.md	1	RUNNABLE	NEUTRAL	0	MISMATCH	5	5	MISSING:1/5	0
08_Conditional-Expressions-and-Arithmetic/05_Pattern-matching-with.md	1	RUNNABLE	NEUTRAL	0	OK	2	2	OK	0
08_Conditional-Expressions-and-Arithmetic/05_Pattern-matching-with.md	2	RUNNABLE	NEUTRAL	0	OK	3	3	OK	0
08_Conditional-Expressions-and-Arithmetic/06_Regex-matching-with.md	1	RUNNABLE	NEUTRAL	0	OK	1	1	OK	0
08_Conditional-Expressions-and-Arithmetic/06_Regex-matching-with.md	2	RUNNABLE	NEUTRAL	0	OK	2	2	OK	0
08_Conditional-Expressions-and-Arithmetic/06_Regex-matching-with.md	3	RUNNABLE	NEUTRAL	0	OK	1	1	OK	0
08_Conditional-Expressions-and-Arithmetic/07_Logical-operators-and-grouping.md	1	RUNNABLE	MIXED	1	CRASH	0	0	-	0
08_Conditional-Expressions-and-Arithmetic/08_Quoting-rules-inside.md	1	RUNNABLE	NEUTRAL	2	CRASH	7	5	-	0
08_Conditional-Expressions-and-Arithmetic/09_Arithmetic-context.md	1	RUNNABLE	NEUTRAL	0	OK	3	3	OK	0
08_Conditional-Expressions-and-Arithmetic/09_Arithmetic-context.md	2	RUNNABLE	NEUTRAL	1	CRASH	1	0	-	0
08_Conditional-Expressions-and-Arithmetic/09_Arithmetic-context.md	3	RUNNABLE	RIGHT	0	NO_EXPECTED	0	0	-	0
08_Conditional-Expressions-and-Arithmetic/11_Integer-types-overflow-base-prefixes.md	1	RUNNABLE	RIGHT	0	MISMATCH	5	5	MISSING:3/5	0
08_Conditional-Expressions-and-Arithmetic/12_Floating-point-workarounds.md	1	RUNNABLE	NEUTRAL	0	MISMATCH	3	3	MISSING:3/3	0
08_Conditional-Expressions-and-Arithmetic/13_let-builtin.md	1	RUNNABLE	MIXED	0	OK	1	1	OK	0
09_Functions/01_Definition-syntax.md	1	RUNNABLE	NEUTRAL	0	NO_EXPECTED	0	0	-	0
09_Functions/01_Definition-syntax.md	2	RUNNABLE	NEUTRAL	0	MISMATCH	1	5	MISSING:1/1	0
09_Functions/01_Definition-syntax.md	3	RUNNABLE	NEUTRAL	1	CRASH	2	0	-	0
09_Functions/01_Definition-syntax.md	4	RUNNABLE	NEUTRAL	0	NO_EXPECTED	0	0	-	0
09_Functions/02_Argument-passing.md	1	RUNNABLE	NEUTRAL	1	CRASH	3	0	-	0
09_Functions/02_Argument-passing.md	3	RUNNABLE	NEUTRAL	0	NO_EXPECTED	0	0	-	0
09_Functions/02_Argument-passing.md	4	RUNNABLE	NEUTRAL	0	NO_EXPECTED	0	0	-	0
09_Functions/03_local-and-scope.md	1	RUNNABLE	NEUTRAL	0	MISMATCH	3	2	MISSING:3/3	0
09_Functions/03_local-and-scope.md	2	RUNNABLE	NEUTRAL	0	MISMATCH	1	0	MISSING:1/1	0
09_Functions/03_local-and-scope.md	3	RUNNABLE	NEUTRAL	0	OK	1	1	OK	0
09_Functions/03_local-and-scope.md	4	RUNNABLE	NEUTRAL	0	MISMATCH	1	0	MISSING:1/1	0
09_Functions/03_local-and-scope.md	5	RUNNABLE	NEUTRAL	0	MISMATCH	2	0	MISSING:2/2	0
09_Functions/04_Return-value-via-return-N.md	1	RUNNABLE	NEUTRAL	0	MISMATCH	1	1	MISSING:1/1	0
09_Functions/04_Return-value-via-return-N.md	2	RUNNABLE	MIXED	13	CRASH	0	0	-	0
09_Functions/05_Communicating-results.md	1	RUNNABLE	NEUTRAL	0	MISMATCH	1	1	MISSING:1/1	0
09_Functions/05_Communicating-results.md	2	RUNNABLE	NEUTRAL	0	OK	1	1	OK	0
09_Functions/05_Communicating-results.md	3	RUNNABLE	NEUTRAL	0	OK	1	1	OK	0
09_Functions/05_Communicating-results.md	4	RUNNABLE	NEUTRAL	0	MISMATCH	1	1	MISSING:1/1	0
09_Functions/06_Recursion-and-FUNCNEST.md	1	RUNNABLE	NEUTRAL	0	NO_EXPECTED	0	0	-	0
09_Functions/07_Function-tracing.md	1	RUNNABLE	NEUTRAL	1	CRASH	1	1	-	0
09_Functions/08_Listing-and-inspecting-functions.md	1	RUNNABLE	NEUTRAL	1	CRASH	2	0	-	0
09_Functions/09_Exporting-functions.md	1	RUNNABLE	NEUTRAL	0	MISMATCH	3	2	MISSING:2/3	0
09_Functions/11_Self-locating-with-BASH_SOURCE.md	1	RUNNABLE	NEUTRAL	1	CRASH	0	0	-	0
09_Functions/11_Self-locating-with-BASH_SOURCE.md	2	RUNNABLE	NEUTRAL	0	MISMATCH	1	0	MISSING:1/1	0
09_Functions/12_Calling-convention-discipline.md	1	RUNNABLE	NEUTRAL	0	OK	3	2	OK	0
10_Sourcing-Libraries-and-Modules/01_source-semantics.md	1	RUNNABLE	NEUTRAL	1	CRASH	1	1	-	0
10_Sourcing-Libraries-and-Modules/01_source-semantics.md	2	RUNNABLE	NEUTRAL	1	CRASH	2	0	-	0
10_Sourcing-Libraries-and-Modules/01_source-semantics.md	3	RUNNABLE	NEUTRAL	0	NO_EXPECTED	0	0	-	0
10_Sourcing-Libraries-and-Modules/01_source-semantics.md	4	RUNNABLE	NEUTRAL	1	CRASH	1	0	-	0
10_Sourcing-Libraries-and-Modules/02_The-BASH_SOURCE-array.md	1	RUNNABLE	NEUTRAL	1	CRASH	0	0	-	0
10_Sourcing-Libraries-and-Modules/03_Self-locating-library-pattern.md	1	RUNNABLE	NEUTRAL	1	CRASH	0	0	-	0
10_Sourcing-Libraries-and-Modules/03_Self-locating-library-pattern.md	2	RUNNABLE	NEUTRAL	1	CRASH	3	0	-	0
10_Sourcing-Libraries-and-Modules/04_Idempotent-sourcing-guards.md	1	RUNNABLE	NEUTRAL	0	NO_EXPECTED	0	0	-	0
10_Sourcing-Libraries-and-Modules/04_Idempotent-sourcing-guards.md	2	RUNNABLE	NEUTRAL	1	CRASH	5	0	-	0
10_Sourcing-Libraries-and-Modules/05_Namespace-prefixes.md	1	RUNNABLE	NEUTRAL	1	CRASH	4	0	-	0
10_Sourcing-Libraries-and-Modules/06_Public-vs-private-conventions.md	1	RUNNABLE	NEUTRAL	0	NO_EXPECTED	0	0	-	0
10_Sourcing-Libraries-and-Modules/07_Version-negotiation.md	1	RUNNABLE	NEUTRAL	0	NO_EXPECTED	0	0	-	0
10_Sourcing-Libraries-and-Modules/07_Version-negotiation.md	2	RUNNABLE	NEUTRAL	1	CRASH	1	0	-	0
10_Sourcing-Libraries-and-Modules/08_Lazy-and-conditional-loading.md	1	RUNNABLE	NEUTRAL	0	NO_EXPECTED	0	0	-	0
10_Sourcing-Libraries-and-Modules/08_Lazy-and-conditional-loading.md	2	RUNNABLE	NEUTRAL	1	CRASH	2	0	-	0
10_Sourcing-Libraries-and-Modules/08_Lazy-and-conditional-loading.md	3	RUNNABLE	NEUTRAL	1	CRASH	2	0	-	0
10_Sourcing-Libraries-and-Modules/08_Lazy-and-conditional-loading.md	4	RUNNABLE	NEUTRAL	1	CRASH	0	0	-	0
10_Sourcing-Libraries-and-Modules/09_Cross-shell-sourcing-pitfalls.md	1	RUNNABLE	NEUTRAL	0	NO_EXPECTED	0	0	-	0
10_Sourcing-Libraries-and-Modules/10_API-design.md	1	RUNNABLE	NEUTRAL	0	NO_EXPECTED	0	0	-	0
11_Process-Management/01_The-Bash-process-tree-at-runtime.md	1	RUNNABLE	NEUTRAL	0	MISSING_ANNOT	0	4	-	0
11_Process-Management/02_PIDs-BASHPID-PPID.md	1	RUNNABLE	NEUTRAL	0	MISMATCH	3	3	MISSING:3/3	0
11_Process-Management/02_PIDs-BASHPID-PPID.md	2	RUNNABLE	MIXED	0	NO_EXPECTED	0	0	-	0
11_Process-Management/03_Subshell-origins.md	1	RUNNABLE	NEUTRAL	0	OK	2	2	OK	0
11_Process-Management/03_Subshell-origins.md	2	RUNNABLE	NEUTRAL	0	OK	1	1	OK	0
11_Process-Management/04_BASH_SUBSHELL-depth-tracking.md	1	RUNNABLE	NEUTRAL	0	MISMATCH	4	4	MISSING:4/4	0
11_Process-Management/04_BASH_SUBSHELL-depth-tracking.md	2	RUNNABLE	NEUTRAL	0	NO_EXPECTED	0	0	-	0
11_Process-Management/05_Foreground-vs-background.md	1	RUNNABLE	NEUTRAL	127	CRASH	0	0	-	0
11_Process-Management/05_Foreground-vs-background.md	3	RUNNABLE	NEUTRAL	0	MISSING_ANNOT	0	6	-	0
11_Process-Management/05_Foreground-vs-background.md	4	RUNNABLE	NEUTRAL	0	NO_EXPECTED	0	0	-	0
11_Process-Management/05_Foreground-vs-background.md	5	RUNNABLE	MIXED	127	CRASH	1	1	-	0
11_Process-Management/06_Process-groups-and-sessions.md	1	RUNNABLE	NEUTRAL	0	MISMATCH	5	8	MISSING:5/5	0
11_Process-Management/09_Job-control-builtins.md	1	RUNNABLE	NEUTRAL	0	MISMATCH	1	1	MISSING:1/1	0
11_Process-Management/09_Job-control-builtins.md	2	RUNNABLE	NEUTRAL	127	CRASH	0	0	-	0
11_Process-Management/11_nohup-and-setsid.md	1	RUNNABLE	NEUTRAL	0	MISSING_ANNOT	0	1	-	0
11_Process-Management/11_nohup-and-setsid.md	2	RUNNABLE	NEUTRAL	1	CRASH	0	0	-	0
11_Process-Management/11_nohup-and-setsid.md	3	RUNNABLE	NEUTRAL	0	NO_EXPECTED	0	0	-	0
11_Process-Management/11_nohup-and-setsid.md	4	RUNNABLE	MIXED	0	MISMATCH	3	0	MISSING:3/3	0
11_Process-Management/12_Detaching-from-the-terminal.md	1	RUNNABLE	NEUTRAL	0	MISSING_ANNOT	0	1	-	0
11_Process-Management/13_Environment-inheritance.md	1	RUNNABLE	NEUTRAL	0	OK	2	2	OK	0
11_Process-Management/13_Environment-inheritance.md	2	RUNNABLE	NEUTRAL	1	CRASH	1	0	-	0
11_Process-Management/13_Environment-inheritance.md	3	RUNNABLE	NEUTRAL	127	CRASH	0	0	-	0
12_Signals-and-Traps/01_Signal-taxonomy.md	1	RUNNABLE	NEUTRAL	0	MISMATCH	1	3	MISSING:1/1	0
12_Signals-and-Traps/04_Signal-disposition.md	1	RUNNABLE	NEUTRAL	1	CRASH	0	0	-	0
12_Signals-and-Traps/04_Signal-disposition.md	2	RUNNABLE	NEUTRAL	0	OK	1	1	OK	0
12_Signals-and-Traps/05_The-trap-builtin.md	1	RUNNABLE	NEUTRAL	127	CRASH	0	0	-	0
12_Signals-and-Traps/05_The-trap-builtin.md	3	RUNNABLE	RIGHT	0	MISSING_ANNOT	0	1	-	0
12_Signals-and-Traps/05_The-trap-builtin.md	4	RUNNABLE	MIXED	0	NO_EXPECTED	0	0	-	0
12_Signals-and-Traps/05_The-trap-builtin.md	5	RUNNABLE	NEUTRAL	1	CRASH	1	0	-	0
12_Signals-and-Traps/05_The-trap-builtin.md	6	RUNNABLE	NEUTRAL	127	CRASH	0	0	-	0
12_Signals-and-Traps/05_The-trap-builtin.md	7	RUNNABLE	NEUTRAL	127	CRASH	0	0	-	0
12_Signals-and-Traps/06_Pseudo-signals-EXIT-ERR-DEBUG-RETURN.md	2	RUNNABLE	NEUTRAL	1	CRASH	1	0	-	0
12_Signals-and-Traps/06_Pseudo-signals-EXIT-ERR-DEBUG-RETURN.md	3	RUNNABLE	NEUTRAL	127	CRASH	1	0	-	0
12_Signals-and-Traps/06_Pseudo-signals-EXIT-ERR-DEBUG-RETURN.md	4	RUNNABLE	NEUTRAL	7	CRASH	2	0	-	0
12_Signals-and-Traps/07_trap-p-and-trap-inspection.md	1	RUNNABLE	NEUTRAL	127	CRASH	2	3	-	0
12_Signals-and-Traps/07_trap-p-and-trap-inspection.md	2	RUNNABLE	NEUTRAL	127	CRASH	0	0	-	0
12_Signals-and-Traps/08_Trap-inheritance.md	1	RUNNABLE	NEUTRAL	0	MISMATCH	3	2	MISSING:3/3	0
12_Signals-and-Traps/08_Trap-inheritance.md	2	RUNNABLE	NEUTRAL	0	MISMATCH	2	4	MISSING:2/2	0
12_Signals-and-Traps/09_Trap-reset-across-exec.md	1	RUNNABLE	NEUTRAL	0	MISMATCH	1	1	MISSING:1/1	0
12_Signals-and-Traps/10_Synchronous-vs-asynchronous-delivery.md	1	RUNNABLE	NEUTRAL	124	TIMEOUT	1	1	-	0
12_Signals-and-Traps/11_Signal-safe-code.md	1	RUNNABLE	NEUTRAL	1	CRASH	0	0	-	0
12_Signals-and-Traps/13_Tempfile-and-tempdir-lifecycle.md	2	RUNNABLE	NEUTRAL	0	NO_EXPECTED	0	0	-	0
12_Signals-and-Traps/14_Lockfile-pattern.md	1	RUNNABLE	NEUTRAL	1	CRASH	0	0	-	0
12_Signals-and-Traps/15_Atomic-file-write.md	1	RUNNABLE	NEUTRAL	127	CRASH	0	0	-	0
12_Signals-and-Traps/15_Atomic-file-write.md	2	RUNNABLE	NEUTRAL	1	CRASH	2	0	-	0
12_Signals-and-Traps/15_Atomic-file-write.md	3	RUNNABLE	NEUTRAL	0	NO_EXPECTED	0	0	-	0
12_Signals-and-Traps/16_Reload-on-SIGHUP.md	1	RUNNABLE	NEUTRAL	0	NO_EXPECTED	0	0	-	0
12_Signals-and-Traps/16_Reload-on-SIGHUP.md	2	RUNNABLE	NEUTRAL	1	CRASH	0	0	-	0
13_Error-Handling-and-Exit-Status/01_Exit-status-fundamentals.md	1	RUNNABLE	NEUTRAL	1	CRASH	5	0	-	0
13_Error-Handling-and-Exit-Status/01_Exit-status-fundamentals.md	2	RUNNABLE	NEUTRAL	1	CRASH	2	0	-	0
13_Error-Handling-and-Exit-Status/02_set-e-errexit-full-semantics.md	1	RUNNABLE	NEUTRAL	1	CRASH	2	1	-	0
13_Error-Handling-and-Exit-Status/02_set-e-errexit-full-semantics.md	2	RUNNABLE	NEUTRAL	1	CRASH	2	0	-	0
13_Error-Handling-and-Exit-Status/02_set-e-errexit-full-semantics.md	3	RUNNABLE	NEUTRAL	0	MISSING_ANNOT	0	1	-	0
13_Error-Handling-and-Exit-Status/02_set-e-errexit-full-semantics.md	4	RUNNABLE	NEUTRAL	127	CRASH	0	0	-	0
13_Error-Handling-and-Exit-Status/03_The-errexit-exemption-matrix.md	1	RUNNABLE	NEUTRAL	1	CRASH	4	1	-	0
13_Error-Handling-and-Exit-Status/03_The-errexit-exemption-matrix.md	2	RUNNABLE	NEUTRAL	124	TIMEOUT	0	0	-	0
13_Error-Handling-and-Exit-Status/03_The-errexit-exemption-matrix.md	3	RUNNABLE	NEUTRAL	1	CRASH	2	1	-	0
13_Error-Handling-and-Exit-Status/03_The-errexit-exemption-matrix.md	4	RUNNABLE	NEUTRAL	1	CRASH	2	1	-	0
13_Error-Handling-and-Exit-Status/03_The-errexit-exemption-matrix.md	5	RUNNABLE	NEUTRAL	1	CRASH	2	2	-	0
13_Error-Handling-and-Exit-Status/03_The-errexit-exemption-matrix.md	6	RUNNABLE	NEUTRAL	1	CRASH	4	0	-	0
13_Error-Handling-and-Exit-Status/03_The-errexit-exemption-matrix.md	7	RUNNABLE	NEUTRAL	1	CRASH	2	0	-	0
13_Error-Handling-and-Exit-Status/04_set-u-nounset.md	1	RUNNABLE	NEUTRAL	1	CRASH	3	1	-	0
13_Error-Handling-and-Exit-Status/04_set-u-nounset.md	2	RUNNABLE	NEUTRAL	0	MISMATCH	2	0	MISSING:2/2	0
13_Error-Handling-and-Exit-Status/04_set-u-nounset.md	3	RUNNABLE	NEUTRAL	1	CRASH	0	0	-	0
13_Error-Handling-and-Exit-Status/05_set-o-pipefail.md	1	RUNNABLE	NEUTRAL	0	OK	3	3	OK	0
13_Error-Handling-and-Exit-Status/05_set-o-pipefail.md	3	RUNNABLE	NEUTRAL	141	CRASH	1	0	-	0
13_Error-Handling-and-Exit-Status/06_inherit_errexit.md	1	RUNNABLE	NEUTRAL	0	OK	1	1	OK	0
13_Error-Handling-and-Exit-Status/06_inherit_errexit.md	2	RUNNABLE	NEUTRAL	1	CRASH	1	0	-	0
13_Error-Handling-and-Exit-Status/07_and-true-idioms.md	1	RUNNABLE	NEUTRAL	1	CRASH	0	0	-	0
13_Error-Handling-and-Exit-Status/07_and-true-idioms.md	2	RUNNABLE	NEUTRAL	0	MISMATCH	1	2	MISSING:1/1	0
13_Error-Handling-and-Exit-Status/07_and-true-idioms.md	3	RUNNABLE	NEUTRAL	0	NO_EXPECTED	0	0	-	0
13_Error-Handling-and-Exit-Status/08_The-ERR-trap.md	1	RUNNABLE	NEUTRAL	0	NO_EXPECTED	0	0	-	0
13_Error-Handling-and-Exit-Status/08_The-ERR-trap.md	2	RUNNABLE	NEUTRAL	1	CRASH	2	0	-	0
13_Error-Handling-and-Exit-Status/08_The-ERR-trap.md	3	RUNNABLE	NEUTRAL	127	CRASH	0	0	-	0
13_Error-Handling-and-Exit-Status/09_errtrace-and-trap-inheritance.md	1	RUNNABLE	NEUTRAL	0	NO_EXPECTED	0	0	-	0
13_Error-Handling-and-Exit-Status/09_errtrace-and-trap-inheritance.md	2	RUNNABLE	NEUTRAL	1	CRASH	1	0	-	0
13_Error-Handling-and-Exit-Status/09_errtrace-and-trap-inheritance.md	3	RUNNABLE	NEUTRAL	1	CRASH	1	0	-	0
13_Error-Handling-and-Exit-Status/10_Exit-code-conventions.md	1	RUNNABLE	NEUTRAL	1	CRASH	0	0	-	0
13_Error-Handling-and-Exit-Status/11_Propagating-exit-codes.md	1	RUNNABLE	NEUTRAL	0	MISMATCH	1	1	MISSING:1/1	0
13_Error-Handling-and-Exit-Status/11_Propagating-exit-codes.md	2	RUNNABLE	NEUTRAL	1	CRASH	1	0	-	0
13_Error-Handling-and-Exit-Status/11_Propagating-exit-codes.md	3	RUNNABLE	NEUTRAL	0	NO_EXPECTED	0	0	-	0
13_Error-Handling-and-Exit-Status/11_Propagating-exit-codes.md	5	RUNNABLE	NEUTRAL	0	NO_EXPECTED	0	0	-	0
13_Error-Handling-and-Exit-Status/11_Propagating-exit-codes.md	6	RUNNABLE	NEUTRAL	127	CRASH	0	0	-	0
13_Error-Handling-and-Exit-Status/12_Rich-error-output.md	1	RUNNABLE	NEUTRAL	0	NO_EXPECTED	0	0	-	0
13_Error-Handling-and-Exit-Status/12_Rich-error-output.md	2	RUNNABLE	NEUTRAL	0	NO_EXPECTED	0	0	-	0
13_Error-Handling-and-Exit-Status/12_Rich-error-output.md	3	RUNNABLE	NEUTRAL	0	NO_EXPECTED	0	0	-	0
13_Error-Handling-and-Exit-Status/12_Rich-error-output.md	4	RUNNABLE	NEUTRAL	0	NO_EXPECTED	0	0	-	0
14_Input-Output-and-Messaging/01_Standard-streams-discipline.md	1	RUNNABLE	NEUTRAL	0	MISSING_ANNOT	0	2	-	0
14_Input-Output-and-Messaging/01_Standard-streams-discipline.md	2	RUNNABLE	NEUTRAL	127	CRASH	1	1	-	0
14_Input-Output-and-Messaging/01_Standard-streams-discipline.md	3	RUNNABLE	NEUTRAL	127	CRASH	1	1	-	0
14_Input-Output-and-Messaging/03_mapfile-readarray.md	1	RUNNABLE	NEUTRAL	0	MISSING_ANNOT	0	1	-	0
14_Input-Output-and-Messaging/03_mapfile-readarray.md	2	RUNNABLE	NEUTRAL	0	NO_EXPECTED	0	0	-	0
14_Input-Output-and-Messaging/04_The-printf-builtin.md	1	RUNNABLE	NEUTRAL	0	MISMATCH	1	0	MISSING:1/1	0
14_Input-Output-and-Messaging/04_The-printf-builtin.md	2	RUNNABLE	NEUTRAL	0	MISMATCH	1	3	MISSING:1/1	0
14_Input-Output-and-Messaging/05_printf-vs-echo.md	1	RUNNABLE	MIXED	0	MISMATCH	5	5	MISSING:3/5	0
14_Input-Output-and-Messaging/07_Logging-discipline.md	1	RUNNABLE	NEUTRAL	0	NO_EXPECTED	0	0	-	0
14_Input-Output-and-Messaging/07_Logging-discipline.md	2	RUNNABLE	NEUTRAL	1	CRASH	0	0	-	0
14_Input-Output-and-Messaging/07_Logging-discipline.md	3	RUNNABLE	NEUTRAL	127	CRASH	0	0	-	0
14_Input-Output-and-Messaging/07_Logging-discipline.md	4	RUNNABLE	NEUTRAL	1	CRASH	0	0	-	0
14_Input-Output-and-Messaging/07_Logging-discipline.md	5	RUNNABLE	NEUTRAL	0	NO_EXPECTED	0	0	-	0
14_Input-Output-and-Messaging/07_Logging-discipline.md	6	RUNNABLE	MIXED	1	CRASH	0	1	-	0
14_Input-Output-and-Messaging/09_Coloured-output-and-TERM-detection.md	1	RUNNABLE	NEUTRAL	0	NO_EXPECTED	0	0	-	0
14_Input-Output-and-Messaging/09_Coloured-output-and-TERM-detection.md	3	RUNNABLE	NEUTRAL	0	NO_EXPECTED	0	0	-	0
14_Input-Output-and-Messaging/09_Coloured-output-and-TERM-detection.md	4	RUNNABLE	NEUTRAL	0	NO_EXPECTED	0	0	-	0
14_Input-Output-and-Messaging/10_Progress-indicators.md	1	RUNNABLE	NEUTRAL	1	CRASH	0	0	-	0
14_Input-Output-and-Messaging/11_Reading-binary-data.md	1	RUNNABLE	NEUTRAL	0	MISSING_ANNOT	0	1	-	0
14_Input-Output-and-Messaging/12_File-locking-for-concurrent-writes.md	1	RUNNABLE	NEUTRAL	0	MISMATCH	1	1	MISSING:1/1	0
14_Input-Output-and-Messaging/12_File-locking-for-concurrent-writes.md	2	RUNNABLE	NEUTRAL	0	MISMATCH	1	0	MISSING:1/1	0
14_Input-Output-and-Messaging/12_File-locking-for-concurrent-writes.md	3	RUNNABLE	NEUTRAL	1	CRASH	0	0	-	0
15_Command-Line-Processing/01_CLI-conventions.md	1	RUNNABLE	NEUTRAL	127	CRASH	0	0	-	0
15_Command-Line-Processing/01_CLI-conventions.md	2	RUNNABLE	NEUTRAL	127	CRASH	0	0	-	0
15_Command-Line-Processing/02_getopts-builtin.md	1	RUNNABLE	NEUTRAL	0	NO_EXPECTED	0	0	-	0
15_Command-Line-Processing/02_getopts-builtin.md	2	RUNNABLE	NEUTRAL	0	NO_EXPECTED	0	0	-	0
15_Command-Line-Processing/02_getopts-builtin.md	3	RUNNABLE	NEUTRAL	1	CRASH	0	0	-	0
15_Command-Line-Processing/03_GNU-getopt1-external.md	1	RUNNABLE	NEUTRAL	0	NO_EXPECTED	0	0	-	0
15_Command-Line-Processing/03_GNU-getopt1-external.md	2	RUNNABLE	NEUTRAL	127	CRASH	0	0	-	0
15_Command-Line-Processing/04_Hand-rolled-while-case-shift.md	1	RUNNABLE	NEUTRAL	0	NO_EXPECTED	0	0	-	0
15_Command-Line-Processing/04_Hand-rolled-while-case-shift.md	2	RUNNABLE	NEUTRAL	0	NO_EXPECTED	0	0	-	0
15_Command-Line-Processing/04_Hand-rolled-while-case-shift.md	3	RUNNABLE	NEUTRAL	2	CRASH	0	0	-	0
15_Command-Line-Processing/05_Long-options.md	1	RUNNABLE	NEUTRAL	127	CRASH	0	0	-	0
15_Command-Line-Processing/05_Long-options.md	2	RUNNABLE	NEUTRAL	2	CRASH	0	0	-	0
15_Command-Line-Processing/06_Bundled-short-options.md	1	RUNNABLE	NEUTRAL	2	CRASH	0	0	-	0
15_Command-Line-Processing/06_Bundled-short-options.md	2	RUNNABLE	NEUTRAL	0	NO_EXPECTED	0	0	-	0
15_Command-Line-Processing/06_Bundled-short-options.md	3	RUNNABLE	MIXED	2	CRASH	0	0	-	0
15_Command-Line-Processing/07_end-of-options.md	1	RUNNABLE	NEUTRAL	2	CRASH	0	0	-	0
15_Command-Line-Processing/07_end-of-options.md	2	RUNNABLE	NEUTRAL	127	CRASH	0	0	-	0
15_Command-Line-Processing/08_Subcommand-dispatch.md	1	RUNNABLE	NEUTRAL	127	CRASH	0	0	-	0
15_Command-Line-Processing/08_Subcommand-dispatch.md	2	RUNNABLE	NEUTRAL	0	NO_EXPECTED	0	0	-	0
15_Command-Line-Processing/08_Subcommand-dispatch.md	3	RUNNABLE	NEUTRAL	0	NO_EXPECTED	0	0	-	0
15_Command-Line-Processing/11_Auto-generating-usage.md	1	RUNNABLE	NEUTRAL	0	NO_EXPECTED	0	0	-	0
15_Command-Line-Processing/11_Auto-generating-usage.md	2	RUNNABLE	NEUTRAL	127	CRASH	0	0	-	0
15_Command-Line-Processing/11_Auto-generating-usage.md	3	RUNNABLE	NEUTRAL	0	NO_EXPECTED	0	0	-	0
16_Concurrency-and-Parallelism/01_Sequential-vs-background-execution.md	1	RUNNABLE	NEUTRAL	127	CRASH	0	0	-	0
16_Concurrency-and-Parallelism/01_Sequential-vs-background-execution.md	2	RUNNABLE	NEUTRAL	0	NO_EXPECTED	0	0	-	0
16_Concurrency-and-Parallelism/02_wait-and-wait-n.md	1	RUNNABLE	NEUTRAL	0	NO_EXPECTED	0	0	-	0
16_Concurrency-and-Parallelism/02_wait-and-wait-n.md	2	RUNNABLE	NEUTRAL	0	NO_EXPECTED	0	0	-	0
16_Concurrency-and-Parallelism/03_wait-pid-for-specific-child.md	1	RUNNABLE	NEUTRAL	0	NO_EXPECTED	0	0	-	0
16_Concurrency-and-Parallelism/04_Capturing-per-child-exit-status.md	1	RUNNABLE	NEUTRAL	0	NO_EXPECTED	0	0	-	0
16_Concurrency-and-Parallelism/04_Capturing-per-child-exit-status.md	2	RUNNABLE	NEUTRAL	1	CRASH	1	0	-	0
16_Concurrency-and-Parallelism/05_Bounded-concurrency-fan-out.md	1	RUNNABLE	NEUTRAL	0	NO_EXPECTED	0	0	-	0
16_Concurrency-and-Parallelism/05_Bounded-concurrency-fan-out.md	4	RUNNABLE	NEUTRAL	0	NO_EXPECTED	0	0	-	0
16_Concurrency-and-Parallelism/06_The-job-table-under-concurrency.md	1	RUNNABLE	NEUTRAL	127	CRASH	0	0	-	0
16_Concurrency-and-Parallelism/06_The-job-table-under-concurrency.md	2	RUNNABLE	NEUTRAL	0	NO_EXPECTED	0	0	-	0
16_Concurrency-and-Parallelism/06_The-job-table-under-concurrency.md	3	RUNNABLE	NEUTRAL	127	CRASH	0	0	-	0
16_Concurrency-and-Parallelism/07_xargs-P.md	1	RUNNABLE	NEUTRAL	0	NO_EXPECTED	0	0	-	0
16_Concurrency-and-Parallelism/07_xargs-P.md	2	RUNNABLE	NEUTRAL	0	MISSING_ANNOT	0	100	-	0
16_Concurrency-and-Parallelism/07_xargs-P.md	3	RUNNABLE	NEUTRAL	0	NO_EXPECTED	0	0	-	0
16_Concurrency-and-Parallelism/08_GNU-parallel.md	2	RUNNABLE	NEUTRAL	0	NO_EXPECTED	0	0	-	0
16_Concurrency-and-Parallelism/09_Race-conditions-in-shell.md	3	RUNNABLE	RIGHT	1	CRASH	1	0	-	0
16_Concurrency-and-Parallelism/09_Race-conditions-in-shell.md	4	RUNNABLE	MIXED	1	CRASH	1	0	-	0
16_Concurrency-and-Parallelism/09_Race-conditions-in-shell.md	5	RUNNABLE	MIXED	0	MISMATCH	1	0	MISSING:1/1	0
16_Concurrency-and-Parallelism/10_Locking-primitives.md	1	RUNNABLE	NEUTRAL	127	CRASH	1	0	-	0
16_Concurrency-and-Parallelism/10_Locking-primitives.md	2	RUNNABLE	NEUTRAL	0	NO_EXPECTED	0	0	-	0
16_Concurrency-and-Parallelism/10_Locking-primitives.md	3	RUNNABLE	NEUTRAL	127	CRASH	1	0	-	0
17_Coprocesses-and-IPC/03_Multiple-coprocesses.md	3	RUNNABLE	MIXED	0	NO_EXPECTED	0	0	-	0
17_Coprocesses-and-IPC/05_Anonymous-pipes.md	1	RUNNABLE	NEUTRAL	1	CRASH	0	0	-	0
17_Coprocesses-and-IPC/05_Anonymous-pipes.md	2	RUNNABLE	NEUTRAL	141	CRASH	0	5	-	0
17_Coprocesses-and-IPC/07_devshm-shared-memory.md	1	RUNNABLE	NEUTRAL	0	NO_EXPECTED	0	0	-	0
17_Coprocesses-and-IPC/07_devshm-shared-memory.md	3	RUNNABLE	NEUTRAL	0	MISMATCH	2	2	MISSING:2/2	0
18_Readline-History-and-Completion/15_Coloured-and-multi-line-prompts.md	1	RUNNABLE	NEUTRAL	0	NO_EXPECTED	0	0	-	0
19_Performance/01_The-Bash-cost-model.md	1	RUNNABLE	NEUTRAL	0	MISMATCH	2	2	MISSING:2/2	0
19_Performance/02_Profiling-tools.md	1	RUNNABLE	NEUTRAL	127	CRASH	0	0	-	0
19_Performance/03_time-builtin-vs-time-external.md	1	RUNNABLE	NEUTRAL	1	CRASH	1	0	-	0
19_Performance/04_BASH_XTRACEFD.md	1	RUNNABLE	NEUTRAL	1	CRASH	0	0	-	0
19_Performance/06_EPOCHREALTIME-for-sub-second-timing.md	1	RUNNABLE	NEUTRAL	127	CRASH	1	0	-	0
19_Performance/09_Pipes-vs-redirection.md	1	RUNNABLE	MIXED	127	CRASH	0	0	-	0
19_Performance/09_Pipes-vs-redirection.md	2	RUNNABLE	NEUTRAL	127	CRASH	1	1	-	0
19_Performance/11_Bash-5.3-no-fork-command-substitution.md	1	RUNNABLE	NEUTRAL	1	CRASH	2	1	-	0
19_Performance/12_Memory-considerations.md	1	RUNNABLE	MIXED	1	CRASH	0	0	-	0
20_Security/01_Threat-model.md	2	RUNNABLE	NEUTRAL	0	MISMATCH	1	16	MISSING:1/1	0
20_Security/01_Threat-model.md	3	RUNNABLE	NEUTRAL	1	CRASH	1	0	-	0
20_Security/01_Threat-model.md	4	RUNNABLE	NEUTRAL	1	CRASH	1	0	-	0
20_Security/01_Threat-model.md	5	RUNNABLE	NEUTRAL	127	CRASH	1	0	-	0
20_Security/01_Threat-model.md	6	RUNNABLE	NEUTRAL	0	MISMATCH	1	0	MISSING:1/1	0
20_Security/01_Threat-model.md	8	RUNNABLE	NEUTRAL	1	CRASH	1	0	-	0
20_Security/02_PATH-hardening.md	1	RUNNABLE	NEUTRAL	0	NO_EXPECTED	0	0	-	0
20_Security/03_IFS-reset.md	1	RUNNABLE	NEUTRAL	0	NO_EXPECTED	0	0	-	0
20_Security/03_IFS-reset.md	2	RUNNABLE	RIGHT	0	MISMATCH	4	4	MISSING:1/4	0
20_Security/03_IFS-reset.md	3	RUNNABLE	NEUTRAL	0	NO_EXPECTED	0	0	-	0
20_Security/03_IFS-reset.md	4	RUNNABLE	NEUTRAL	0	NO_EXPECTED	0	0	-	0
20_Security/04_eval-avoidance.md	2	RUNNABLE	NEUTRAL	1	CRASH	1	0	-	0
20_Security/04_eval-avoidance.md	3	RUNNABLE	NEUTRAL	1	CRASH	1	0	-	0
20_Security/04_eval-avoidance.md	4	RUNNABLE	NEUTRAL	0	MISSING_ANNOT	0	1	-	0
20_Security/04_eval-avoidance.md	6	RUNNABLE	NEUTRAL	1	CRASH	0	0	-	0
20_Security/04_eval-avoidance.md	7	RUNNABLE	NEUTRAL	1	CRASH	1	0	-	0
20_Security/05_Command-injection-vectors.md	2	RUNNABLE	NEUTRAL	1	CRASH	1	0	-	0
20_Security/05_Command-injection-vectors.md	4	RUNNABLE	NEUTRAL	0	MISMATCH	1	0	MISSING:1/1	0
20_Security/05_Command-injection-vectors.md	6	RUNNABLE	NEUTRAL	1	CRASH	1	0	-	0
20_Security/06_Input-validation.md	1	RUNNABLE	NEUTRAL	0	NO_EXPECTED	0	0	-	0
20_Security/06_Input-validation.md	2	RUNNABLE	NEUTRAL	0	NO_EXPECTED	0	0	-	0
20_Security/06_Input-validation.md	3	RUNNABLE	NEUTRAL	1	CRASH	0	0	-	0
20_Security/06_Input-validation.md	4	RUNNABLE	NEUTRAL	1	CRASH	0	0	-	0
20_Security/06_Input-validation.md	5	RUNNABLE	NEUTRAL	1	CRASH	0	0	-	0
20_Security/07_Quoting-under-set-u.md	1	RUNNABLE	RIGHT	0	NO_EXPECTED	0	0	-	0
20_Security/09_Secrets-handling.md	3	RUNNABLE	NEUTRAL	127	CRASH	0	0	-	0
20_Security/09_Secrets-handling.md	4	RUNNABLE	NEUTRAL	127	CRASH	0	0	-	0
20_Security/09_Secrets-handling.md	5	RUNNABLE	NEUTRAL	1	CRASH	1	0	-	0
20_Security/09_Secrets-handling.md	7	RUNNABLE	NEUTRAL	1	CRASH	0	0	-	0
20_Security/09_Secrets-handling.md	8	RUNNABLE	NEUTRAL	127	CRASH	1	0	-	0
20_Security/11_Privilege-drop.md	1	RUNNABLE	NEUTRAL	1	CRASH	0	0	-	0
20_Security/11_Privilege-drop.md	4	RUNNABLE	NEUTRAL	1	CRASH	0	0	-	0
20_Security/12_Sanitising-filenames.md	1	RUNNABLE	NEUTRAL	0	NO_EXPECTED	0	0	-	0
20_Security/13_Symlink-races.md	2	RUNNABLE	NEUTRAL	1	CRASH	0	0	-	0
20_Security/13_Symlink-races.md	3	RUNNABLE	NEUTRAL	1	CRASH	0	0	-	0
21_Static-Analysis-Formatting-and-Testing/02_ShellCheck-directives.md	2	RUNNABLE	NEUTRAL	1	CRASH	0	0	-	0
21_Static-Analysis-Formatting-and-Testing/02_ShellCheck-directives.md	3	RUNNABLE	NEUTRAL	0	NO_EXPECTED	0	0	-	0
21_Static-Analysis-Formatting-and-Testing/03_Source-path-management.md	1	RUNNABLE	NEUTRAL	1	CRASH	0	0	-	0
21_Static-Analysis-Formatting-and-Testing/05_bcscheck.md	1	RUNNABLE	NEUTRAL	2	CRASH	0	0	-	0
21_Static-Analysis-Formatting-and-Testing/05_bcscheck.md	2	RUNNABLE	NEUTRAL	1	CRASH	0	0	-	0
21_Static-Analysis-Formatting-and-Testing/06_Pre-commit-hooks.md	2	RUNNABLE	NEUTRAL	127	CRASH	1	0	-	0
21_Static-Analysis-Formatting-and-Testing/08_bats-core.md	2	RUNNABLE	NEUTRAL	1	CRASH	1	0	-	0
21_Static-Analysis-Formatting-and-Testing/10_Bats-run-and-assertions.md	1	RUNNABLE	NEUTRAL	127	CRASH	0	0	-	0
21_Static-Analysis-Formatting-and-Testing/10_Bats-run-and-assertions.md	2	RUNNABLE	NEUTRAL	127	CRASH	0	0	-	0
21_Static-Analysis-Formatting-and-Testing/10_Bats-run-and-assertions.md	3	RUNNABLE	NEUTRAL	127	CRASH	0	0	-	0
22_Idioms-Patterns-and-Anti-Patterns/01_The-strict-mode-preamble.md	1	RUNNABLE	NEUTRAL	0	NO_EXPECTED	0	0	-	0
22_Idioms-Patterns-and-Anti-Patterns/02_Self-locating-script-directory.md	1	RUNNABLE	NEUTRAL	0	NO_EXPECTED	0	0	-	0
22_Idioms-Patterns-and-Anti-Patterns/03_Argument-parsing-skeleton.md	1	RUNNABLE	NEUTRAL	2	CRASH	0	0	-	0
22_Idioms-Patterns-and-Anti-Patterns/03_Argument-parsing-skeleton.md	2	RUNNABLE	MIXED	0	NO_EXPECTED	0	0	-	0
22_Idioms-Patterns-and-Anti-Patterns/04_Default-value-patterns.md	1	RUNNABLE	NEUTRAL	0	NO_EXPECTED	0	0	-	0
22_Idioms-Patterns-and-Anti-Patterns/04_Default-value-patterns.md	2	RUNNABLE	MIXED	127	CRASH	1	0	-	0
22_Idioms-Patterns-and-Anti-Patterns/05_Lazy-initialisation.md	1	RUNNABLE	NEUTRAL	0	NO_EXPECTED	0	0	-	0
22_Idioms-Patterns-and-Anti-Patterns/06_Memoisation.md	1	RUNNABLE	NEUTRAL	0	NO_EXPECTED	0	0	-	0
22_Idioms-Patterns-and-Anti-Patterns/07_Iterating-an-associative-array-deterministically.md	1	RUNNABLE	NEUTRAL	0	NO_EXPECTED	0	0	-	0
22_Idioms-Patterns-and-Anti-Patterns/08_Building-structured-output.md	1	RUNNABLE	NEUTRAL	1	CRASH	1	1	-	0
22_Idioms-Patterns-and-Anti-Patterns/08_Building-structured-output.md	2	RUNNABLE	NEUTRAL	0	OK	1	3	OK	0
22_Idioms-Patterns-and-Anti-Patterns/08_Building-structured-output.md	3	RUNNABLE	NEUTRAL	0	MISMATCH	1	5	MISSING:1/1	0
22_Idioms-Patterns-and-Anti-Patterns/08_Building-structured-output.md	4	RUNNABLE	NEUTRAL	0	MISMATCH	2	13	MISSING:2/2	0
22_Idioms-Patterns-and-Anti-Patterns/08_Building-structured-output.md	5	RUNNABLE	MIXED	0	MISMATCH	2	8	MISSING:2/2	0
22_Idioms-Patterns-and-Anti-Patterns/10_Atomic-file-write.md	2	RUNNABLE	MIXED	1	CRASH	0	0	-	0
22_Idioms-Patterns-and-Anti-Patterns/11_Exclusive-lock.md	1	RUNNABLE	NEUTRAL	124	TIMEOUT	0	1	-	0
22_Idioms-Patterns-and-Anti-Patterns/11_Exclusive-lock.md	2	RUNNABLE	MIXED	1	CRASH	0	0	-	0
22_Idioms-Patterns-and-Anti-Patterns/12_Bounded-retry-with-exponential-backoff.md	1	RUNNABLE	NEUTRAL	0	NO_EXPECTED	0	0	-	0
22_Idioms-Patterns-and-Anti-Patterns/14_Mock-friendly-subprocess-wrapper.md	1	RUNNABLE	NEUTRAL	0	NO_EXPECTED	0	0	-	0
22_Idioms-Patterns-and-Anti-Patterns/15_Stack-trace-error-reporter.md	1	RUNNABLE	NEUTRAL	1	CRASH	0	0	-	0
22_Idioms-Patterns-and-Anti-Patterns/15_Stack-trace-error-reporter.md	3	RUNNABLE	MIXED	0	NO_EXPECTED	0	0	-	0
22_Idioms-Patterns-and-Anti-Patterns/16_Self-test-mode-dual-purpose-script.md	1	RUNNABLE	NEUTRAL	0	NO_EXPECTED	0	0	-	0
23_POSIX-Conformance-and-Portability/03_Bash-vs-dash.md	1	RUNNABLE	NEUTRAL	127	CRASH	0	0	-	0
23_POSIX-Conformance-and-Portability/03_Bash-vs-dash.md	2	RUNNABLE	NEUTRAL	127	CRASH	0	1	-	0
23_POSIX-Conformance-and-Portability/05_Bash-vs-zsh.md	1	RUNNABLE	NEUTRAL	0	MISMATCH	2	6	MISSING:1/2	0
23_POSIX-Conformance-and-Portability/05_Bash-vs-zsh.md	2	RUNNABLE	NEUTRAL	0	MISMATCH	1	3	MISSING:1/1	0
23_POSIX-Conformance-and-Portability/05_Bash-vs-zsh.md	3	RUNNABLE	NEUTRAL	2	CRASH	5	0	-	0
23_POSIX-Conformance-and-Portability/12_Targeting-multiple-Bash-versions.md	1	RUNNABLE	NEUTRAL	0	NO_EXPECTED	0	0	-	0
23_POSIX-Conformance-and-Portability/12_Targeting-multiple-Bash-versions.md	2	RUNNABLE	NEUTRAL	0	NO_EXPECTED	0	0	-	0
23_POSIX-Conformance-and-Portability/12_Targeting-multiple-Bash-versions.md	3	RUNNABLE	NEUTRAL	0	NO_EXPECTED	0	0	-	0
24_Bash-Internals/01_The-execution-pipeline.md	1	RUNNABLE	NEUTRAL	127	CRASH	0	0	-	0
24_Bash-Internals/01_The-execution-pipeline.md	2	RUNNABLE	NEUTRAL	127	CRASH	0	1	-	0
24_Bash-Internals/08_Subshell-forking.md	1	RUNNABLE	NEUTRAL	0	MISSING_ANNOT	0	4	-	0
24_Bash-Internals/09_Builtin-loadables.md	1	RUNNABLE	NEUTRAL	0	MISSING_ANNOT	0	1	-	0
24_Bash-Internals/09_Builtin-loadables.md	2	RUNNABLE	NEUTRAL	1	CRASH	0	0	-	0
25_Bash-5.3-and-the-Future/01_No-fork-command-substitution-cmd.md	1	RUNNABLE	NEUTRAL	18	CRASH	2	0	-	0
25_Bash-5.3-and-the-Future/01_No-fork-command-substitution-cmd.md	2	RUNNABLE	MIXED	1	CRASH	1	0	-	0
99_Appendices/E_shopt-Options-Reference.md	1	RUNNABLE	NEUTRAL	0	NO_EXPECTED	0	0	-	0
